slice,method,source_bytes,encoded_bytes,wire_bytes,max_abs_error,rmse,encode_ms,zlib_ms,decode_ms,min,max
1,lossless,2528100,2528100,1665574,0.0,0.0,7.795,56.548,0.001,3.399121851543896e-06,0.09933681041002274
1,zfp-1e-4,2528100,432600,416557,3.0654482543468475e-06,6.103870300982483e-07,13.272,15.248,11.826,3.399121851543896e-06,0.09933681041002274
1,zfp-1e-5,2528100,662704,654590,4.2445026338100433e-07,8.133636969239182e-08,20.157,26.826,16.809,3.399121851543896e-06,0.09933681041002274
1,sz3-1e-4,2528100,54402,54402,9.933020919561386e-06,3.9152781086163785e-06,17.263,1.335,6.601,3.399121851543896e-06,0.09933681041002274
1,sz3-1e-5,2528100,255889,255746,9.933137334883213e-07,5.241692156158811e-07,21.873,7.305,12.046,3.399121851543896e-06,0.09933681041002274
1,float16,2528100,1264050,698376,3.0487775802612305e-05,1.8601750089306137e-06,4.354,26.214,3.925,3.399121851543896e-06,0.09933681041002274
1,bfloat16,2528100,1264050,400818,0.00024410337209701538,1.4898854088457255e-05,3.724,16.123,3.283,3.399121851543896e-06,0.09933681041002274
1,block8,2528100,633377,331558,0.00018900446593761444,2.3738839636730222e-05,4.664,12.553,2.191,3.399121851543896e-06,0.09933681041002274
1,block12,2528100,949391,915478,1.1769123375415802e-05,1.4728228850382258e-06,6.395,34.46,3.546,3.399121851543896e-06,0.09933681041002274
1,block16,2528100,1265402,1242166,7.37607479095459e-07,9.249588149898522e-08,5.028,45.741,3.267,3.399121851543896e-06,0.09933681041002274
2,lossless,2528100,2528100,1672508,0.0,0.0,1.826,54.981,0.001,2.6800171326613054e-06,0.13550929725170135
2,zfp-1e-4,2528100,439648,423686,2.995133399963379e-06,6.09550455980847e-07,13.044,15.677,10.245,2.6800171326613054e-06,0.13550929725170135
2,zfp-1e-5,2528100,670080,661816,3.8999132812023163e-07,8.129991907033398e-08,15.006,23.134,13.285,2.6800171326613054e-06,0.13550929725170135
2,sz3-1e-4,2528100,38812,38812,1.3549812138080597e-05,4.732329323313633e-06,12.748,0.857,4.182,2.6800171326613054e-06,0.13550929725170135
2,sz3-1e-5,2528100,212269,208600,1.3549579307436943e-06,6.973178747900861e-07,17.109,6.662,9.217,2.6800171326613054e-06,0.13550929725170135
2,float16,2528100,1264050,705621,6.052851676940918e-05,2.052127214811305e-06,4.295,26.594,3.747,2.6800171326613054e-06,0.13550929725170135
2,bfloat16,2528100,1264050,406257,0.0004758089780807495,1.6435519105533503e-05,3.42,16.396,3.586,2.6800171326613054e-06,0.13550929725170135
2,block8,2528100,633377,326931,0.0002603675238788128,2.9283747441732612e-05,4.059,12.722,2.306,2.6800171326613054e-06,0.13550929725170135
2,block12,2528100,949391,909581,1.6209669411182404e-05,1.8193779522054734e-06,5.772,34.54,3.91,2.6800171326613054e-06,0.13550929725170135
2,block16,2528100,1265402,1238982,1.0207295417785645e-06,1.1317071399500304e-07,4.565,57.993,3.579,2.6800171326613054e-06,0.13550929725170135
3,lossless,2528100,2528100,1681241,0.0,0.0,3.541,60.189,0.001,2.14919532481872e-06,0.16445867717266083
3,zfp-1e-4,2528100,364024,345565,6.2962062656879425e-06,1.1249789554560074e-06,12.223,13.075,9.397,2.14919532481872e-06,0.16445867717266083
3,zfp-1e-5,2528100,659944,652930,4.0081795305013657e-07,8.114230071125604e-08,15.666,22.751,13.611,2.14919532481872e-06,0.16445867717266083
3,sz3-1e-4,2528100,36058,36058,1.6445526853203773e-05,7.661760524559733e-06,12.283,0.764,3.987,2.14919532481872e-06,0.16445867717266083
3,sz3-1e-5,2528100,167709,167683,1.6444828361272812e-06,9.016433524799472e-07,17.491,4.934,9.34,2.14919532481872e-06,0.16445867717266083
3,float16,2528100,1264050,713104,6.079673767089844e-05,2.306813418683642e-06,4.336,26.821,3.796,2.14919532481872e-06,0.16445867717266083
3,bfloat16,2528100,1264050,417898,0.00048650801181793213,1.853500438846001e-05,3.97,16.885,3.681,2.14919532481872e-06,0.16445867717266083
3,block8,2528100,633377,323299,0.00031747110188007355,3.4343350193123285e-05,4.368,12.222,2.362,2.14919532481872e-06,0.16445867717266083
3,block12,2528100,949391,904417,1.9770115613937378e-05,2.133519192086831e-06,6.015,34.518,3.994,2.14919532481872e-06,0.16445867717266083
3,block16,2528100,1265402,1235792,1.2367963790893555e-06,1.3368979557661244e-07,4.819,45.467,2.472,2.14919532481872e-06,0.16445867717266083
4,lossless,2528100,2528100,1691901,0.0,0.0,1.785,55.755,0.001,1.7901392084240797e-06,0.18077416718006134
4,zfp-1e-4,2528100,354776,336873,5.904585123062134e-06,1.0935950559103666e-06,12.105,12.515,9.492,1.7901392084240797e-06,0.18077416718006134
4,zfp-1e-5,2528100,642504,635789,3.7945574149489403e-07,8.07737924869099e-08,16.171,21.881,13.415,1.7901392084240797e-06,0.18077416718006134
4,sz3-1e-4,2528100,32459,32459,1.8077204003930092e-05,8.327676443246852e-06,13.37,0.709,3.873,1.7901392084240797e-06,0.18077416718006134
4,sz3-1e-5,2528100,150441,150438,1.8076971173286438e-06,8.656082835186665e-07,20.204,4.228,8.996,1.7901392084240797e-06,0.18077416718006134
4,float16,2528100,1264050,719638,6.102025508880615e-05,2.4968288970715697e-06,4.503,26.998,4.125,1.7901392084240797e-06,0.18077416718006134
4,bfloat16,2528100,1264050,427355,0.0004878491163253784,2.001884454380691e-05,4.035,17.228,3.867,1.7901392084240797e-06,0.18077416718006134
4,block8,2528100,633377,321138,0.0003496408462524414,3.8177906283048665e-05,4.472,12.189,2.374,1.7901392084240797e-06,0.18077416718006134
4,block12,2528100,949391,899085,2.1777115762233734e-05,2.379440740458778e-06,6.181,34.298,4.11,1.7901392084240797e-06,0.18077416718006134
4,block16,2528100,1265402,1232426,1.3634562492370605e-06,1.490890067120308e-07,4.716,45.467,2.413,1.7901392084240797e-06,0.18077416718006134
5,lossless,2528100,2528100,1701220,0.0,0.0,1.905,56.297,0.001,1.5262337456078967e-06,0.1970083862543106
5,zfp-1e-4,2528100,367456,351030,6.008893251419067e-06,1.1190884631837356e-06,12.252,13.057,9.382,1.5262337456078967e-06,0.1970083862543106
5,zfp-1e-5,2528100,581600,574105,7.757917046546936e-07,1.599263462821701e-07,15.127,19.883,12.552,1.5262337456078967e-06,0.1970083862543106
5,sz3-1e-4,2528100,75514,75514,1.970049925148487e-05,7.916396106340235e-06,12.001,1.982,4.574,1.5262337456078967e-06,0.1970083862543106
5,sz3-1e-5,2528100,150140,150140,1.970043740584515e-06,1.0549836135460644e-06,16.554,4.23,8.016,1.5262337456078967e-06,0.1970083862543106
5,float16,2528100,1264050,729794,6.1005353927612305e-05,2.662897669460802e-06,4.147,27.297,3.799,1.5262337456078967e-06,0.1970083862543106
5,bfloat16,2528100,1264050,438218,0.00048823654651641846,2.1455277311942453e-05,4.185,17.664,3.445,1.5262337456078967e-06,0.1970083862543106
5,block8,2528100,633377,321311,0.0003814697265625,4.128932762757074e-05,4.256,12.189,2.197,1.5262337456078967e-06,0.1970083862543106
5,block12,2528100,949391,895342,2.3754313588142395e-05,2.5735203316090626e-06,5.97,34.139,3.813,1.5262337456078967e-06,0.1970083862543106
5,block16,2528100,1265402,1230041,1.4901161193847656e-06,1.5993944743781274e-07,4.655,45.384,2.566,1.5262337456078967e-06,0.1970083862543106
6,lossless,2528100,2528100,1712593,0.0,0.0,1.62,56.602,0.001,1.33127605295158e-06,0.21700377762317657
6,zfp-1e-4,2528100,366344,350546,5.9944577515125275e-06,1.1048537443160355e-06,12.243,13.098,9.764,1.33127605295158e-06,0.21700377762317657
6,zfp-1e-5,2528100,575232,567854,7.688067853450775e-07,1.5912478509356154e-07,15.296,19.775,12.8,1.33127605295158e-06,0.21700377762317657
6,sz3-1e-4,2528100,75861,75714,2.169981598854065e-05,1.0704109214649949e-05,11.99,2.091,4.613,1.33127605295158e-06,0.21700377762317657
6,sz3-1e-5,2528100,141912,141912,2.169981598854065e-06,1.1515624037386816e-06,18.032,3.962,8.024,1.33127605295158e-06,0.21700377762317657
6,float16,2528100,1264050,735617,6.076693534851074e-05,2.7732555111240533e-06,4.394,27.399,3.853,1.33127605295158e-06,0.21700377762317657
6,bfloat16,2528100,1264050,449124,0.0004881620407104492,2.2240051921193846e-05,3.991,18.025,3.695,1.33127605295158e-06,0.21700377762317657
6,block8,2528100,633377,319913,0.000420629046857357,4.3553292624248605e-05,4.25,12.159,3.168,1.33127605295158e-06,0.21700377762317657
6,block12,2528100,949391,890979,2.6188790798187256e-05,2.7077801868039787e-06,5.884,34.064,3.791,1.33127605295158e-06,0.21700377762317657
6,block16,2528100,1265402,1227019,1.6391277313232422e-06,1.69361311279738e-07,4.602,45.261,2.509,1.33127605295158e-06,0.21700377762317657
7,lossless,2528100,2528100,1720962,0.0,0.0,1.577,57.01,0.001,1.1762354006350506e-06,0.23103627562522888
7,zfp-1e-4,2528100,378944,363827,6.060115993022919e-06,1.1276867556923825e-06,12.315,13.396,9.343,1.1762354006350506e-06,0.23103627562522888
7,zfp-1e-5,2528100,592216,585388,8.293427526950836e-07,1.5983619088787744e-07,15.295,20.277,12.68,1.1762354006350506e-06,0.23103627562522888
7,sz3-1e-4,2528100,77681,77681,2.3103319108486176e-05,1.141318495176724e-05,12.297,1.969,4.888,1.1762354006350506e-06,0.23103627562522888
7,sz3-1e-5,2528100,149797,149797,2.3103493731468916e-06,1.230100336296176e-06,18.161,4.137,8.716,1.1762354006350506e-06,0.23103627562522888
7,float16,2528100,1264050,743995,6.079673767089844e-05,2.888075907910107e-06,4.465,27.596,3.968,1.1762354006350506e-06,0.23103627562522888
7,bfloat16,2528100,1264050,456280,0.00048820674419403076,2.322253226607786e-05,3.483,18.389,3.322,1.1762354006350506e-06,0.23103627562522888
7,block8,2528100,633377,320218,0.00044784205965697765,4.546989141284717e-05,4.349,12.24,2.27,1.1762354006350506e-06,0.23103627562522888
7,block12,2528100,949391,887647,2.788030542433262e-05,2.8406373386673994e-06,5.931,33.888,3.736,1.1762354006350506e-06,0.23103627562522888
7,block16,2528100,1265402,1225013,1.7434358596801758e-06,1.76376227720217e-07,4.643,45.196,2.413,1.1762354006350506e-06,0.23103627562522888
8,lossless,2528100,2528100,1728498,0.0,0.0,1.914,57.283,0.001,1.0559981546975905e-06,0.23362770676612854
8,zfp-1e-4,2528100,384440,370296,6.243586540222168e-06,1.133913003971387e-06,12.445,13.552,9.464,1.0559981546975905e-06,0.23362770676612854
8,zfp-1e-5,2528100,597896,591479,7.413327693939209e-07,1.599932383375322e-07,15.265,20.573,12.828,1.0559981546975905e-06,0.23362770676612854
8,sz3-1e-4,2528100,82826,82825,2.336222678422928e-05,1.1631341404462983e-05,11.984,2.15,4.778,1.0559981546975905e-06,0.23362770676612854
8,sz3-1e-5,2528100,158260,158260,2.336222678422928e-06,1.252149382887476e-06,16.484,4.363,8.083,1.0559981546975905e-06,0.23362770676612854
8,float16,2528100,1264050,748320,6.045401096343994e-05,2.985689514248635e-06,4.244,27.599,3.784,1.0559981546975905e-06,0.23362770676612854
8,bfloat16,2528100,1264050,464545,0.000487402081489563,2.379006603922201e-05,3.544,18.809,3.562,1.0559981546975905e-06,0.23362770676612854
8,block8,2528100,633377,320210,0.0004530269652605057,4.683396542573166e-05,4.406,12.175,2.338,1.0559981546975905e-06,0.23362770676612854
8,block12,2528100,949391,884531,2.8217211365699768e-05,2.8993235297347003e-06,6.021,33.807,3.812,1.0559981546975905e-06,0.23362770676612854
8,block16,2528100,1265402,1222825,1.7615966498851776e-06,1.815878053780647e-07,4.462,45.173,2.65,1.0559981546975905e-06,0.23362770676612854
9,lossless,2528100,2528100,1736054,0.0,0.0,1.839,57.521,0.001,1.0012201983045088e-06,0.229325070977211
9,zfp-1e-4,2528100,384032,370213,6.418675184249878e-06,1.1181188489328028e-06,12.308,13.529,9.518,1.0012201983045088e-06,0.229325070977211
9,zfp-1e-5,2528100,594752,588479,7.578055374324322e-07,1.5907682134684718e-07,15.114,20.429,12.894,1.0012201983045088e-06,0.229325070977211
9,sz3-1e-4,2528100,38812,38783,2.2931955754756927e-05,1.0676943682777642e-05,12.643,0.851,4.106,1.0012201983045088e-06,0.229325070977211
9,sz3-1e-5,2528100,155400,155399,2.293149009346962e-06,1.2189108560677894e-06,16.64,4.346,7.193,1.0012201983045088e-06,0.229325070977211
9,float16,2528100,1264050,752510,6.102025508880615e-05,3.0050131630645613e-06,4.257,27.756,3.907,1.0012201983045088e-06,0.229325070977211
9,bfloat16,2528100,1264050,471609,0.0004881173372268677,2.4110484978543603e-05,3.801,19.076,3.724,1.0012201983045088e-06,0.229325070977211
9,block8,2528100,633377,320568,0.00044501572847366333,4.771263582991769e-05,4.162,12.259,2.281,1.0012201983045088e-06,0.229325070977211
9,block12,2528100,949391,881811,2.7713365852832794e-05,2.973527107576236e-06,5.662,33.829,3.841,1.0012201983045088e-06,0.229325070977211
9,block16,2528100,1265402,1220615,1.73225998878479e-06,1.852565808982402e-07,4.512,45.109,2.384,1.0012201983045088e-06,0.229325070977211
10,lossless,2528100,2528100,1744518,0.0,0.0,1.601,57.92,0.001,9.75528450908314e-07,0.22551973164081573
10,zfp-1e-4,2528100,389048,375395,6.0927122831344604e-06,1.1323158217036991e-06,12.416,13.768,9.584,9.75528450908314e-07,0.22551973164081573
10,zfp-1e-5,2528100,600904,594893,7.576309144496918e-07,1.5957831685945888e-07,15.331,20.643,13.072,9.75528450908314e-07,0.22551973164081573
10,sz3-1e-4,2528100,39440,39430,2.2551044821739197e-05,7.39607879479895e-06,15.058,0.899,3.864,9.75528450908314e-07,0.22551973164081573
10,sz3-1e-5,2528100,170322,170172,2.2550811991095543e-06,1.0608392870991304e-06,20.571,4.95,8.415,9.75528450908314e-07,0.22551973164081573
10,float16,2528100,1264050,757980,6.096065044403076e-05,3.0710497699230236e-06,4.49,27.706,3.897,9.75528450908314e-07,0.22551973164081573
10,bfloat16,2528100,1264050,478754,0.0004875063896179199,2.4516531681574785e-05,3.623,19.383,3.258,9.75528450908314e-07,0.22551973164081573
10,block8,2528100,633377,321224,0.00043752253986895084,4.875862134379599e-05,4.119,12.315,2.161,9.75528450908314e-07,0.22551973164081573
10,block12,2528100,949391,880500,2.7243979275226593e-05,3.0501334269121204e-06,5.906,33.805,3.889,9.75528450908314e-07,0.22551973164081573
10,block16,2528100,1265402,1219215,1.701992005109787e-06,1.9064004494291074e-07,4.841,45.082,2.397,9.75528450908314e-07,0.22551973164081573
11,lossless,2528100,2528100,1748782,0.0,0.0,1.689,58.043,0.001,9.495634571976552e-07,0.22446782886981964
11,zfp-1e-4,2528100,386192,372830,6.157904863357544e-06,1.1153073396814647e-06,12.297,13.593,9.538,9.495634571976552e-07,0.22446782886981964
11,zfp-1e-5,2528100,593776,587848,7.925555109977722e-07,1.5858195859554263e-07,15.211,20.346,12.661,9.495634571976552e-07,0.22446782886981964
11,sz3-1e-4,2528100,96558,96558,2.2446271032094955e-05,1.1362486051259368e-05,11.907,2.413,5.122,9.495634571976552e-07,0.22446782886981964
11,sz3-1e-5,2528100,163497,163497,2.2446620278060436e-06,1.1963919772311935e-06,19.4,4.515,8.243,9.495634571976552e-07,0.22446782886981964
11,float16,2528100,1264050,761625,6.103515625e-05,3.125878398130716e-06,4.502,27.841,3.964,9.495634571976552e-07,0.22446782886981964
11,bfloat16,2528100,1264050,484956,0.00048595666885375977,2.5071215397990562e-05,3.935,19.694,3.893,9.495634571976552e-07,0.22446782886981964
11,block8,2528100,633377,322035,0.00043521076440811157,5.129347448724486e-05,4.464,12.305,3.41,9.495634571976552e-07,0.22446782886981964
11,block12,2528100,949391,878037,2.7101486921310425e-05,3.1931894076195593e-06,6.17,33.929,4.056,9.495634571976552e-07,0.22446782886981964
11,block16,2528100,1265402,1217699,1.6987323760986328e-06,2.006025700063333e-07,4.433,44.886,2.539,9.495634571976552e-07,0.22446782886981964
12,lossless,2528100,2528100,1758003,0.0,0.0,1.817,58.412,0.001,9.195711072607082e-07,0.21972304582595825
12,zfp-1e-4,2528100,397824,385012,6.0498714447021484e-06,1.1406452764554717e-06,13.014,14.179,10.313,9.195711072607082e-07,0.21972304582595825
12,zfp-1e-5,2528100,610304,604851,7.94650986790657e-07,1.5959755397343246e-07,15.374,20.8,13.078,9.195711072607082e-07,0.21972304582595825
12,sz3-1e-4,2528100,46741,46703,2.1971995010972023e-05,1.0404259418631625e-05,12.934,1.026,5.141,9.195711072607082e-07,0.21972304582595825
12,sz3-1e-5,2528100,180996,180996,2.197193680331111e-06,1.1832892675816945e-06,16.004,5.146,8.28,9.195711072607082e-07,0.21972304582595825
12,float16,2528100,1264050,763419,6.079673767089844e-05,3.2464892339972165e-06,4.702,27.808,3.947,9.195711072607082e-07,0.21972304582595825
12,bfloat16,2528100,1264050,493029,0.00048673152923583984,2.5726040953114124e-05,3.747,19.899,3.6,9.195711072607082e-07,0.21972304582595825
12,block8,2528100,633377,321516,0.00042511941865086555,5.430950145091107e-05,4.384,12.23,2.325,9.195711072607082e-07,0.21972304582595825
12,block12,2528100,949391,875496,2.6460271328687668e-05,3.3977878601690457e-06,5.779,33.785,3.856,9.195711072607082e-07,0.21972304582595825
12,block16,2528100,1265402,1214835,1.6614794731140137e-06,2.126430401021306e-07,4.414,44.834,2.353,9.195711072607082e-07,0.21972304582595825
13,lossless,2528100,2528100,1763234,0.0,0.0,1.54,58.583,0.001,9.239729479304515e-07,0.26180344820022583
13,zfp-1e-4,2528100,400512,388513,6.038695573806763e-06,1.1388924266125739e-06,12.499,14.223,9.776,9.239729479304515e-07,0.26180344820022583
13,zfp-1e-5,2528100,613576,608435,7.568742148578167e-07,1.5959444901073514e-07,15.102,20.893,13.173,9.239729479304515e-07,0.26180344820022583
13,sz3-1e-4,2528100,41295,41295,2.61794775724411e-05,8.618243742711581e-06,13.019,0.906,3.994,9.239729479304515e-07,0.26180344820022583
13,sz3-1e-5,2528100,172194,172158,2.61794775724411e-06,1.2251489299160507e-06,17.343,4.986,8.511,9.239729479304515e-07,0.26180344820022583
13,float16,2528100,1264050,766845,0.00011742115020751953,3.3728132661221034e-06,4.624,27.82,3.834,9.239729479304515e-07,0.26180344820022583
13,bfloat16,2528100,1264050,497827,0.0009019076824188232,2.703878534242835e-05,3.757,20.111,3.543,9.239729479304515e-07,0.26180344820022583
13,block8,2528100,633377,320488,0.0005061440169811249,5.8057461092851146e-05,4.231,12.198,2.251,9.239729479304515e-07,0.26180344820022583
13,block12,2528100,949391,871377,3.151595592498779e-05,3.615868661094827e-06,5.848,33.585,3.85,9.239729479304515e-07,0.26180344820022583
13,block16,2528100,1265402,1211523,1.9744038581848145e-06,2.2607322620039626e-07,4.493,44.789,2.459,9.239729479304515e-07,0.26180344820022583
14,lossless,2528100,2528100,1768199,0.0,0.0,1.621,58.962,0.001,9.24741698327125e-07,0.3004723787307739
14,zfp-1e-4,2528100,406392,394809,6.16908073425293e-06,1.1456551287684748e-06,12.599,14.37,9.893,9.24741698327125e-07,0.3004723787307739
14,zfp-1e-5,2528100,621032,616174,7.525086402893066e-07,1.5957966327015478e-07,15.137,21.059,12.949,9.24741698327125e-07,0.3004723787307739
14,sz3-1e-4,2528100,41682,41660,3.0046794563531876e-05,1.3973283356248316e-05,13.386,0.944,3.978,9.24741698327125e-07,0.3004723787307739
14,sz3-1e-5,2528100,165827,165674,3.0046794563531876e-06,1.3961376179774e-06,20.124,4.778,7.581,9.24741698327125e-07,0.3004723787307739
14,float16,2528100,1264050,770485,0.00012126564979553223,3.449494719533093e-06,4.682,27.855,4.044,9.24741698327125e-07,0.3004723787307739
14,bfloat16,2528100,1264050,505180,0.0009675323963165283,2.7766546056897356e-05,3.952,20.588,3.419,9.24741698327125e-07,0.3004723787307739
14,block8,2528100,633377,320667,0.0005815289914608002,6.056968042177031e-05,4.367,12.227,2.784,9.24741698327125e-07,0.3004723787307739
14,block12,2528100,949391,867144,3.621634095907211e-05,3.7870980976969805e-06,6.171,33.586,3.977,9.24741698327125e-07,0.3004723787307739
14,block16,2528100,1265402,1208741,2.2649765014648438e-06,2.3625747069704714e-07,4.643,44.701,2.419,9.24741698327125e-07,0.3004723787307739
15,lossless,2528100,2528100,1775305,0.0,0.0,1.877,59.197,0.001,8.864877258929482e-07,0.29944345355033875
15,zfp-1e-4,2528100,400368,388365,5.911104381084442e-06,1.1340459843252596e-06,12.609,14.216,9.72,8.864877258929482e-07,0.29944345355033875
15,zfp-1e-5,2528100,610592,605403,7.688067853450775e-07,1.5926235323061488e-07,15.443,20.806,13.197,8.864877258929482e-07,0.29944345355033875
15,sz3-1e-4,2528100,42269,42234,2.9943883419036865e-05,1.3987814842520367e-05,12.843,0.953,4.176,8.864877258929482e-07,0.29944345355033875
15,sz3-1e-5,2528100,158782,158751,2.9944058042019606e-06,1.5851468871942647e-06,20.532,4.415,8.298,8.864877258929482e-07,0.29944345355033875
15,float16,2528100,1264050,773775,0.00012195110321044922,3.4555204035493557e-06,4.687,27.848,3.704,8.864877258929482e-07,0.29944345355033875
15,bfloat16,2528100,1264050,511093,0.0009650588035583496,2.7655266824786382e-05,3.902,20.706,3.488,8.864877258929482e-07,0.29944345355033875
15,block8,2528100,633377,320406,0.0005804002285003662,6.204314136420695e-05,4.496,12.247,2.392,8.864877258929482e-07,0.29944345355033875
15,block12,2528100,949391,863486,3.61492857336998e-05,3.880095295440759e-06,6.167,33.397,4.022,8.864877258929482e-07,0.29944345355033875
15,block16,2528100,1265402,1205788,2.2649765014648438e-06,2.420489101061356e-07,4.796,44.571,2.452,8.864877258929482e-07,0.29944345355033875
16,lossless,2528100,2528100,1779197,0.0,0.0,1.94,59.366,0.001,8.618411015959282e-07,0.27051663398742676
16,zfp-1e-4,2528100,399288,387352,6.2175095081329346e-06,1.1310245953836774e-06,12.562,14.225,9.631,8.618411015959282e-07,0.27051663398742676
16,zfp-1e-5,2528100,608744,603622,7.562339305877686e-07,1.5911928207775154e-07,15.453,20.75,13.201,8.618411015959282e-07,0.27051663398742676
16,sz3-1e-4,2528100,45406,45372,2.7051224606111646e-05,1.2658363040569701e-05,13.015,1.013,4.26,8.618411015959282e-07,0.27051663398742676
16,sz3-1e-5,2528100,164488,164488,2.7051573852077127e-06,1.4340052894969927e-06,18.471,4.756,9.15,8.618411015959282e-07,0.27051663398742676
16,float16,2528100,1264050,775323,0.00012025237083435059,3.3784949387361436e-06,4.692,27.903,4.024,8.618411015959282e-07,0.27051663398742676
16,bfloat16,2528100,1264050,514291,0.0009677410125732422,2.70390592468908e-05,3.675,20.799,3.692,8.618411015959282e-07,0.27051663398742676
16,block8,2528100,633377,319673,0.0005251048132777214,6.279934952053587e-05,4.447,12.199,2.424,8.618411015959282e-07,0.27051663398742676
16,block12,2528100,949391,859514,3.270059823989868e-05,3.939065666093118e-06,5.793,33.315,3.988,8.618411015959282e-07,0.27051663398742676
16,block16,2528100,1265402,1202114,2.0563602447509766e-06,2.4466787506511936e-07,4.389,44.519,2.484,8.618411015959282e-07,0.27051663398742676
17,lossless,2528100,2528100,1782022,0.0,0.0,3.795,59.483,0.001,8.721926860744134e-07,0.24092470109462738
17,zfp-1e-4,2528100,401296,389443,6.183981895446777e-06,1.1314375796883192e-06,12.517,14.258,9.816,8.721926860744134e-07,0.24092470109462738
17,zfp-1e-5,2528100,611240,606265,7.525086402893066e-07,1.5906096013483363e-07,15.435,20.855,13.208,8.721926860744134e-07,0.24092470109462738
17,sz3-1e-4,2528100,48635,48635,2.4091452360153198e-05,8.136621331671561e-06,12.976,1.042,4.155,8.721926860744134e-07,0.24092470109462738
17,sz3-1e-5,2528100,185312,185100,2.409098669886589e-06,1.1354492005205686e-06,17.625,5.323,9.633,8.721926860744134e-07,0.24092470109462738
17,float16,2528100,1264050,777111,6.096065044403076e-05,3.329534711497397e-06,4.643,27.866,3.709,8.721926860744134e-07,0.24092470109462738
17,bfloat16,2528100,1264050,516496,0.00048823654651641846,2.6816505979121454e-05,3.855,21.139,3.606,8.721926860744134e-07,0.24092470109462738
17,block8,2528100,633377,318789,0.000467824749648571,6.398463643309474e-05,4.224,12.102,2.261,8.721926860744134e-07,0.24092470109462738
17,block12,2528100,949391,856840,2.9120594263076782e-05,4.000419166574676e-06,5.753,33.186,3.884,8.721926860744134e-07,0.24092470109462738
17,block16,2528100,1265402,1199992,1.8328428268432617e-06,2.5023833565556686e-07,4.448,44.438,2.438,8.721926860744134e-07,0.24092470109462738
18,lossless,2528100,2528100,1785141,0.0,0.0,1.573,59.661,0.001,8.588830837652495e-07,0.258096843957901
18,zfp-1e-4,2528100,401544,389512,6.2175095081329346e-06,1.1342297346215718e-06,12.569,14.326,9.706,8.588830837652495e-07,0.258096843957901
18,zfp-1e-5,2528100,611408,606362,7.962808012962341e-07,1.5939769860213277e-07,15.497,20.81,13.216,8.588830837652495e-07,0.258096843957901
18,sz3-1e-4,2528100,47989,47980,2.580881118774414e-05,8.68638932719588e-06,13.539,1.04,4.711,8.588830837652495e-07,0.258096843957901
18,sz3-1e-5,2528100,174081,174065,2.5809567887336016e-06,1.374710635313809e-06,17.727,4.991,7.685,8.588830837652495e-07,0.258096843957901
18,float16,2528100,1264050,778551,0.00011423230171203613,3.363601968635278e-06,4.468,27.842,3.899,8.588830837652495e-07,0.258096843957901
18,bfloat16,2528100,1264050,522619,0.0008458197116851807,2.6880449331606086e-05,3.579,21.147,3.456,8.588830837652495e-07,0.258096843957901
18,block8,2528100,633377,318432,0.0005042552947998047,6.666683995016979e-05,4.109,12.153,2.343,8.588830837652495e-07,0.258096843957901
18,block12,2528100,949391,856140,3.1395116820931435e-05,4.161205195959991e-06,5.797,33.193,3.764,8.588830837652495e-07,0.258096843957901
18,block16,2528100,1265402,1198777,1.9622966647148132e-06,2.594676823216151e-07,4.406,44.422,2.41,8.588830837652495e-07,0.258096843957901
19,lossless,2528100,2528100,1790805,0.0,0.0,1.574,59.857,0.001,8.474882520204119e-07,0.3471027612686157
19,zfp-1e-4,2528100,352448,338768,1.2099742889404297e-05,2.1600432516411806e-06,11.711,12.478,8.799,8.474882520204119e-07,0.3471027612686157
19,zfp-1e-5,2528100,629200,624843,7.650814950466156e-07,1.6040719064113678e-07,15.418,21.448,13.23,8.474882520204119e-07,0.3471027612686157
19,sz3-1e-4,2528100,44110,44069,3.471015952527523e-05,1.621043283419762e-05,13.492,1.038,3.973,8.474882520204119e-07,0.3471027612686157
19,sz3-1e-5,2528100,166942,166888,3.4708064049482346e-06,1.604165200021826e-06,16.645,4.882,7.418,8.474882520204119e-07,0.3471027612686157
19,float16,2528100,1264050,780208,0.00012165307998657227,3.434024759271635e-06,4.651,27.978,4.01,8.474882520204119e-07,0.3471027612686157
19,bfloat16,2528100,1264050,526477,0.000961989164352417,2.7306556633304156e-05,3.85,21.355,3.54,8.474882520204119e-07,0.3471027612686157
19,block8,2528100,633377,319385,0.0006786417216062546,7.097049231276494e-05,4.487,12.152,2.37,8.474882520204119e-07,0.3471027612686157
19,block12,2528100,949391,856035,4.22745943069458e-05,4.420021638131775e-06,5.841,33.234,3.711,8.474882520204119e-07,0.3471027612686157
19,block16,2528100,1265402,1198597,2.6407651603221893e-06,2.7595587155216987e-07,4.377,44.469,2.435,8.474882520204119e-07,0.3471027612686157
20,lossless,2528100,2528100,1792900,0.0,0.0,1.526,59.954,0.001,8.831217428451055e-07,0.40999001264572144
20,zfp-1e-4,2528100,349928,335918,1.1323019862174988e-05,2.14481875828886e-06,11.569,12.454,8.999,8.831217428451055e-07,0.40999001264572144
20,zfp-1e-5,2528100,548744,542527,1.6114208847284317e-06,3.135754908893177e-07,14.591,18.807,12.17,8.831217428451055e-07,0.40999001264572144
20,sz3-1e-4,2528100,37806,37806,4.0996819734573364e-05,1.3015015784171262e-05,13.725,0.847,4.644,8.831217428451055e-07,0.40999001264572144
20,sz3-1e-5,2528100,146295,146295,4.09982749260962e-06,2.14427337056722e-06,16.381,4.125,6.949,8.831217428451055e-07,0.40999001264572144
20,float16,2528100,1264050,781010,0.0001207888126373291,3.470222237197034e-06,4.478,27.858,3.955,8.831217428451055e-07,0.40999001264572144
20,bfloat16,2528100,1264050,528341,0.0009679794311523438,2.7565828692912148e-05,4.069,21.4,3.584,8.831217428451055e-07,0.40999001264572144
20,block8,2528100,633377,321092,0.0008018647786229849,7.504568295734433e-05,4.164,12.234,2.37,8.831217428451055e-07,0.40999001264572144
20,block12,2528100,949391,856886,4.992983303964138e-05,4.688566026189122e-06,5.858,33.325,3.796,8.831217428451055e-07,0.40999001264572144
20,block16,2528100,1265402,1199187,3.129243850708008e-06,2.915342242969003e-07,4.284,44.541,2.435,8.831217428451055e-07,0.40999001264572144
21,lossless,2528100,2528100,1794976,0.0,0.0,1.599,60.018,0.001,9.976818091672612e-07,0.4233724772930145
21,zfp-1e-4,2528100,348088,333482,1.255422830581665e-05,2.1378441930757614e-06,11.789,12.473,8.786,9.976818091672612e-07,0.4233724772930145
21,zfp-1e-5,2528100,545776,538971,1.4887191355228424e-06,3.1384344606879037e-07,14.897,18.731,12.533,9.976818091672612e-07,0.4233724772930145
21,sz3-1e-4,2528100,38831,38818,4.233699291944504e-05,1.9571394360731458e-05,12.765,0.87,4.017,9.976818091672612e-07,0.4233724772930145
21,sz3-1e-5,2528100,149207,149161,4.2335595935583115e-06,1.9024704665695234e-06,18.888,4.261,6.673,9.976818091672612e-07,0.4233724772930145
21,float16,2528100,1264050,780999,0.00012195110321044922,3.5060106787706432e-06,4.387,27.833,3.82,9.976818091672612e-07,0.4233724772930145
21,bfloat16,2528100,1264050,530230,0.0009761452674865723,2.785678668601596e-05,3.786,21.453,3.386,9.976818091672612e-07,0.4233724772930145
21,block8,2528100,633377,321644,0.0008275697473436594,7.72429874750124e-05,4.413,12.277,2.346,9.976818091672612e-07,0.4233724772930145
21,block12,2528100,949391,856418,5.1536597311496735e-05,4.850426938500977e-06,5.772,33.198,3.855,9.976818091672612e-07,0.4233724772930145
21,block16,2528100,1265402,1198889,3.2261013984680176e-06,3.010261233818456e-07,4.413,44.466,2.489,9.976818091672612e-07,0.4233724772930145
22,lossless,2528100,2528100,1797128,0.0,0.0,1.892,60.078,0.001,1.220021886183531e-06,0.38635969161987305
22,zfp-1e-4,2528100,351648,337771,1.185201108455658e-05,2.15231726874696e-06,11.691,12.515,8.899,1.220021886183531e-06,0.38635969161987305
22,zfp-1e-5,2528100,552480,546414,1.4889519661664963e-06,3.1509057001917534e-07,14.708,18.928,12.101,1.220021886183531e-06,0.38635969161987305
22,sz3-1e-4,2528100,42293,42253,3.863545134663582e-05,1.7968338447965594e-05,12.733,0.943,4.042,1.220021886183531e-06,0.38635969161987305
22,sz3-1e-5,2528100,155570,155570,3.863533493131399e-06,2.036808845912441e-06,18.593,4.295,8.073,1.220021886183531e-06,0.38635969161987305
22,float16,2528100,1264050,782408,0.00012138485908508301,3.4658734903408375e-06,4.286,27.831,3.752,1.220021886183531e-06,0.38635969161987305
22,bfloat16,2528100,1264050,531477,0.0009726285934448242,2.7922443427112945e-05,3.745,21.592,3.265,1.220021886183531e-06,0.38635969161987305
22,block8,2528100,633377,324006,0.0007548397406935692,7.75944846133558e-05,4.335,12.32,2.478,1.220021886183531e-06,0.38635969161987305
22,block12,2528100,949391,857008,4.699360579252243e-05,4.837662106359107e-06,6.228,33.341,4.125,1.220021886183531e-06,0.38635969161987305
22,block16,2528100,1265402,1199073,2.950429916381836e-06,3.0275434703067167e-07,4.472,44.613,2.491,1.220021886183531e-06,0.38635969161987305
23,lossless,2528100,2528100,1800788,0.0,0.0,1.63,60.355,0.001,1.5749816384413862e-06,0.3768010437488556
23,zfp-1e-4,2528100,353864,340162,1.3062730431556702e-05,2.162145703523675e-06,11.859,12.631,9.182,1.5749816384413862e-06,0.3768010437488556
23,zfp-1e-5,2528100,631968,627723,7.534399628639221e-07,1.6087237301674072e-07,15.808,21.575,13.246,1.5749816384413862e-06,0.3768010437488556
23,sz3-1e-4,2528100,44749,44668,3.767944872379303e-05,1.7569752456447557e-05,12.95,1.057,4.059,1.5749816384413862e-06,0.3768010437488556
23,sz3-1e-5,2528100,162201,162108,3.7679565139114857e-06,1.991985110602832e-06,20.83,4.496,9.526,1.5749816384413862e-06,0.3768010437488556
23,float16,2528100,1264050,784316,0.00012201070785522461,3.4401963459294487e-06,4.398,27.762,3.899,1.5749816384413862e-06,0.3768010437488556
23,bfloat16,2528100,1264050,537092,0.0009763538837432861,2.73271116226476e-05,4.117,21.775,3.702,1.5749816384413862e-06,0.3768010437488556
23,block8,2528100,633377,323266,0.000736430287361145,7.77918478212859e-05,4.732,12.338,2.619,1.5749816384413862e-06,0.3768010437488556
23,block12,2528100,949391,855830,4.5847147703170776e-05,4.835271715334129e-06,6.39,33.378,4.339,1.5749816384413862e-06,0.3768010437488556
23,block16,2528100,1265402,1196947,2.8759241104125977e-06,3.01456070945959e-07,4.885,44.555,2.483,1.5749816384413862e-06,0.3768010437488556
24,lossless,2528100,2528100,1805689,0.0,0.0,1.925,60.413,0.001,1.9579194940888556e-06,0.3645746409893036
24,zfp-1e-4,2528100,355528,341815,1.2889504432678223e-05,2.1651615504365224e-06,11.788,12.613,8.78,1.9579194940888556e-06,0.3645746409893036
24,zfp-1e-5,2528100,634496,630231,8.00006091594696e-07,1.6134796038708695e-07,15.747,21.665,13.479,1.9579194940888556e-06,0.3645746409893036
24,sz3-1e-4,2528100,47277,47224,3.64561565220356e-05,1.714747143259433e-05,13.326,1.114,4.317,1.9579194940888556e-06,0.3645746409893036
24,sz3-1e-5,2528100,173273,173183,3.6456622183322906e-06,1.6932267493460025e-06,17.945,4.919,7.567,1.9579194940888556e-06,0.3645746409893036
24,float16,2528100,1264050,786761,0.00012174248695373535,3.4220099579402405e-06,4.269,27.741,4.101,1.9579194940888556e-06,0.3645746409893036
24,bfloat16,2528100,1264050,541688,0.0009751021862030029,2.7357286909136547e-05,4.098,21.896,3.776,1.9579194940888556e-06,0.3645746409893036
24,block8,2528100,633377,323037,0.0007128994911909103,7.988479951160195e-05,4.497,12.286,2.384,1.9579194940888556e-06,0.3645746409893036
24,block12,2528100,949391,851882,4.4391024857759476e-05,4.941616590589957e-06,5.884,33.002,3.868,1.9579194940888556e-06,0.3645746409893036
24,block16,2528100,1265402,1194953,2.775341272354126e-06,3.0772906671564074e-07,4.418,44.503,2.451,1.9579194940888556e-06,0.3645746409893036
25,lossless,2528100,2528100,1811484,0.0,0.0,1.559,60.504,0.001,2.360186499572592e-06,0.32206058502197266
25,zfp-1e-4,2528100,358976,345515,1.2244563549757004e-05,2.1776113473135736e-06,11.901,12.704,9.081,2.360186499572592e-06,0.32206058502197266
25,zfp-1e-5,2528100,640016,636099,7.668277248740196e-07,1.613890361245282e-07,15.735,21.75,13.508,2.360186499572592e-06,0.32206058502197266
25,sz3-1e-4,2528100,52739,52736,3.220513463020325e-05,1.0934889450776846e-05,13.587,1.196,4.523,2.360186499572592e-06,0.32206058502197266
25,sz3-1e-5,2528100,184125,184020,3.220571670681238e-06,1.7249640007819864e-06,19.204,5.232,9.0,2.360186499572592e-06,0.32206058502197266
25,float16,2528100,1264050,789390,0.00012186169624328613,3.448398529220835e-06,4.147,27.595,4.05,2.360186499572592e-06,0.32206058502197266
25,bfloat16,2528100,1264050,545883,0.0009758472442626953,2.7881591990134244e-05,3.671,22.155,3.753,2.360186499572592e-06,0.32206058502197266
25,block8,2528100,633377,323253,0.0006289780139923096,8.317447414471561e-05,4.559,12.369,2.367,2.360186499572592e-06,0.32206058502197266
25,block12,2528100,949391,849468,3.917596768587828e-05,5.1830673107475606e-06,5.893,32.842,4.072,2.360186499572592e-06,0.32206058502197266
25,block16,2528100,1265402,1193235,2.4475157260894775e-06,3.232978969200344e-07,4.819,44.214,2.419,2.360186499572592e-06,0.32206058502197266
26,lossless,2528100,2528100,1818326,0.0,0.0,1.93,60.983,0.001,2.800622951326659e-06,0.35439532995224
26,zfp-1e-4,2528100,360856,347515,1.2435950338840485e-05,2.181966448312989e-06,11.867,12.994,8.895,2.800622951326659e-06,0.35439532995224
26,zfp-1e-5,2528100,642472,638617,7.280614227056503e-07,1.6175560285534027e-07,15.799,21.725,13.595,2.800622951326659e-06,0.35439532995224
26,sz3-1e-4,2528100,53115,53115,3.543868660926819e-05,1.1964071569027276e-05,13.533,1.222,4.44,2.800622951326659e-06,0.35439532995224
26,sz3-1e-5,2528100,190410,190103,3.5439152270555496e-06,1.6705255393025546e-06,18.505,5.417,8.073,2.800622951326659e-06,0.35439532995224
26,float16,2528100,1264050,791473,0.00012090802192687988,3.519920302257946e-06,4.183,27.636,3.859,2.800622951326659e-06,0.35439532995224
26,bfloat16,2528100,1264050,554314,0.0009656846523284912,2.8067024599836224e-05,3.93,22.316,3.525,2.800622951326659e-06,0.35439532995224
26,block8,2528100,633377,322519,0.0006932690739631653,8.874063789941652e-05,4.514,12.434,2.785,2.800622951326659e-06,0.35439532995224
26,block12,2528100,949391,843398,4.31528314948082e-05,5.575151134499478e-06,6.099,32.831,4.013,2.800622951326659e-06,0.35439532995224
26,block16,2528100,1265402,1188831,2.6989728212356567e-06,3.481518821789484e-07,4.414,44.742,2.47,2.800622951326659e-06,0.35439532995224
27,lossless,2528100,2528100,1823520,0.0,0.0,1.526,61.141,0.001,3.3259314022870967e-06,0.38880419731140137
27,zfp-1e-4,2528100,367176,354385,1.216912642121315e-05,2.2151728460592232e-06,11.994,13.16,9.371,3.3259314022870967e-06,0.38880419731140137
27,zfp-1e-5,2528100,576504,571325,1.5050172805786133e-06,3.1981060390853545e-07,15.096,19.67,12.878,3.3259314022870967e-06,0.38880419731140137
27,sz3-1e-4,2528100,53504,53493,3.887992352247238e-05,1.828860826304383e-05,13.15,1.277,4.21,3.3259314022870967e-06,0.38880419731140137
27,sz3-1e-5,2528100,182571,182571,3.887922503054142e-06,2.0731227109406632e-06,17.798,5.18,9.462,3.3259314022870967e-06,0.38880419731140137
27,float16,2528100,1264050,793405,0.0001220703125,3.651137912939753e-06,4.191,27.329,3.977,3.3259314022870967e-06,0.38880419731140137
27,bfloat16,2528100,1264050,558350,0.0009742677211761475,2.9032873817355742e-05,3.73,22.494,3.371,3.3259314022870967e-06,0.38880419731140137
27,block8,2528100,633377,322266,0.0007613440975546837,9.577851747278628e-05,4.38,12.395,2.207,3.3259314022870967e-06,0.38880419731140137
27,block12,2528100,949391,840305,4.7400593757629395e-05,5.991508957615774e-06,5.756,32.483,3.713,3.3259314022870967e-06,0.38880419731140137
27,block16,2528100,1265402,1185930,2.9653310775756836e-06,3.7454198839893725e-07,4.398,44.165,2.397,3.3259314022870967e-06,0.38880419731140137
28,lossless,2528100,2528100,1829343,0.0,0.0,1.786,61.369,0.001,3.5468665373628028e-06,0.42082467675209045
28,zfp-1e-4,2528100,373856,361458,1.2639909982681274e-05,2.238653224887555e-06,11.987,13.262,9.851,3.5468665373628028e-06,0.42082467675209045
28,zfp-1e-5,2528100,586760,582008,1.553911715745926e-06,3.2076923780624907e-07,14.924,19.86,13.15,3.5468665373628028e-06,0.42082467675209045
28,sz3-1e-4,2528100,54845,54845,4.208204336464405e-05,1.975716162004722e-05,13.142,1.252,4.247,3.5468665373628028e-06,0.42082467675209045
28,sz3-1e-5,2528100,184787,184728,4.20818105340004e-06,2.2489466586186083e-06,18.924,5.277,8.747,3.5468665373628028e-06,0.42082467675209045
28,float16,2528100,1264050,795778,0.00012192130088806152,3.807356913740809e-06,3.982,27.065,3.96,3.5468665373628028e-06,0.42082467675209045
28,bfloat16,2528100,1264050,565678,0.0009759366512298584,3.0475958660750517e-05,3.705,22.686,3.51,3.5468665373628028e-06,0.42082467675209045
28,block8,2528100,633377,323790,0.0008235275745391846,0.00010210534159705389,4.145,12.318,2.413,3.5468665373628028e-06,0.42082467675209045
28,block12,2528100,949391,838858,5.130469799041748e-05,6.412638624056902e-06,5.738,32.245,3.817,3.5468665373628028e-06,0.42082467675209045
28,block16,2528100,1265402,1184314,3.21120023727417e-06,4.0087999438627863e-07,4.4,43.975,2.42,3.5468665373628028e-06,0.42082467675209045
29,lossless,2528100,2528100,1835759,0.0,0.0,1.521,61.317,0.001,3.7634995351254474e-06,0.5117758512496948
29,zfp-1e-4,2528100,369232,356085,1.2177973985671997e-05,2.210434905785839e-06,11.908,13.187,9.241,3.7634995351254474e-06,0.5117758512496948
29,zfp-1e-5,2528100,577216,571768,1.6577541828155518e-06,3.200068880645834e-07,15.226,19.72,12.932,3.7634995351254474e-06,0.5117758512496948
29,sz3-1e-4,2528100,50246,50246,5.117664113640785e-05,2.389715564525594e-05,12.846,1.149,4.236,3.7634995351254474e-06,0.5117758512496948
29,sz3-1e-5,2528100,167842,167819,5.117675755172968e-06,2.6994169114644993e-06,20.504,4.877,8.358,3.7634995351254474e-06,0.5117758512496948
29,float16,2528100,1264050,798105,0.00012755393981933594,3.876189418434858e-06,3.974,26.942,3.908,3.7634995351254474e-06,0.5117758512496948
29,bfloat16,2528100,1264050,570780,0.0014824271202087402,3.1210024661922536e-05,3.784,22.912,3.562,3.7634995351254474e-06,0.5117758512496948
29,block8,2528100,633377,325654,0.0010027717798948288,0.00010785575906725219,4.36,12.405,2.24,3.7634995351254474e-06,0.5117758512496948
29,block12,2528100,949391,839760,6.244165706448257e-05,6.792964902107365e-06,5.743,32.397,3.724,3.7634995351254474e-06,0.5117758512496948
29,block16,2528100,1265402,1184506,3.904104232788086e-06,4.2333818029875794e-07,4.502,43.98,2.399,3.7634995351254474e-06,0.5117758512496948
30,lossless,2528100,2528100,1840911,0.0,0.0,1.555,61.63,0.001,3.815810941887321e-06,0.48930802941322327
30,zfp-1e-4,2528100,373784,360963,1.2492761015892029e-05,2.2346407603918203e-06,12.105,13.322,9.696,3.815810941887321e-06,0.48930802941322327
30,zfp-1e-5,2528100,584736,579432,1.6153790056705475e-06,3.214596586084309e-07,15.309,19.931,12.941,3.815810941887321e-06,0.48930802941322327
30,sz3-1e-4,2528100,53837,53837,4.893029108643532e-05,2.2922015521366437e-05,13.133,1.218,4.396,3.815810941887321e-06,0.48930802941322327
30,sz3-1e-5,2528100,178664,178429,4.89293597638607e-06,2.5994141007760697e-06,17.529,5.151,7.685,3.815810941887321e-06,0.48930802941322327
30,float16,2528100,1264050,800120,0.00012192130088806152,3.819857362001191e-06,3.904,26.899,4.138,3.815810941887321e-06,0.48930802941322327
30,bfloat16,2528100,1264050,577092,0.000971376895904541,3.064757448697603e-05,3.381,23.092,3.63,3.815810941887321e-06,0.48930802941322327
30,block8,2528100,633377,328335,0.0009586887899786234,0.00010869662268319052,4.247,12.482,2.344,3.815810941887321e-06,0.48930802941322327
30,block12,2528100,949391,842131,5.969032645225525e-05,6.7738613433301435e-06,6.007,32.464,3.884,3.815810941887321e-06,0.48930802941322327
30,block16,2528100,1265402,1184888,3.730412572622299e-06,4.2306750975926753e-07,4.289,43.977,2.24,3.815810941887321e-06,0.48930802941322327
31,lossless,2528100,2528100,1849347,0.0,0.0,1.533,61.784,0.001,3.817629931290867e-06,0.3932570815086365
31,zfp-1e-4,2528100,377304,364778,1.1863652616739273e-05,2.2435910779849614e-06,12.08,13.416,9.455,3.817629931290867e-06,0.3932570815086365
31,zfp-1e-5,2528100,590312,585345,1.553795300424099e-06,3.219060876464137e-07,15.155,20.222,12.79,3.817629931290867e-06,0.3932570815086365
31,sz3-1e-4,2528100,63002,62985,3.932509571313858e-05,1.8669550347357527e-05,16.138,1.444,4.405,3.817629931290867e-06,0.3932570815086365
31,sz3-1e-5,2528100,205126,205091,3.932509571313858e-06,2.1308135687559135e-06,17.839,5.973,10.099,3.817629931290867e-06,0.3932570815086365
31,float16,2528100,1264050,803008,0.0001214444637298584,3.7880216607481548e-06,3.788,26.694,3.68,3.817629931290867e-06,0.3932570815086365
31,bfloat16,2528100,1264050,584315,0.0009713470935821533,3.0214548165587814e-05,3.72,23.29,3.742,3.817629931290867e-06,0.3932570815086365
31,block8,2528100,633377,331451,0.0007683847798034549,0.00010833320485927098,4.112,12.548,2.295,3.817629931290867e-06,0.3932570815086365
31,block12,2528100,949391,843957,4.795286804437637e-05,6.73585709398123e-06,5.83,32.484,3.705,3.817629931290867e-06,0.3932570815086365
31,block16,2528100,1265402,1184888,2.9960647225379944e-06,4.20191026082838e-07,4.334,43.932,2.273,3.817629931290867e-06,0.3932570815086365
32,lossless,2528100,2528100,1856982,0.0,0.0,1.772,63.964,0.001,4.200182502245298e-06,0.4361859858036041
32,zfp-1e-4,2528100,381216,368917,1.3111159205436707e-05,2.2640688589013425e-06,12.051,13.442,9.489,4.200182502245298e-06,0.4361859858036041
32,zfp-1e-5,2528100,596496,591735,1.564621925354004e-06,3.23314385303891e-07,15.365,20.407,13.001,4.200182502245298e-06,0.4361859858036041
32,sz3-1e-4,2528100,62395,62377,4.361802712082863e-05,2.064466164214184e-05,13.306,1.485,4.684,4.200182502245298e-06,0.4361859858036041
32,sz3-1e-5,2528100,200961,200958,4.361732862889767e-06,2.3541916852343868e-06,19.699,5.853,9.195,4.200182502245298e-06,0.4361859858036041
32,float16,2528100,1264050,805074,0.0001220405101776123,3.8046891978866367e-06,3.615,26.606,3.664,4.200182502245298e-06,0.4361859858036041
32,bfloat16,2528100,1264050,593027,0.0009740591049194336,3.0330306275701214e-05,3.72,23.647,3.335,4.200182502245298e-06,0.4361859858036041
32,block8,2528100,633377,331822,0.000854822457768023,0.00011213964852373621,4.223,12.61,2.23,4.200182502245298e-06,0.4361859858036041
32,block12,2528100,949391,843682,5.323067307472229e-05,6.92951255962585e-06,5.73,32.67,3.687,4.200182502245298e-06,0.4361859858036041
32,block16,2528100,1265402,1183996,3.3247051760554314e-06,4.3262663123757123e-07,4.59,43.987,2.206,4.200182502245298e-06,0.4361859858036041
33,lossless,2528100,2528100,1863668,0.0,0.0,1.578,62.522,0.001,5.191452601138735e-06,0.5070984959602356
33,zfp-1e-4,2528100,386416,374292,1.2058764696121216e-05,2.2872519963507598e-06,12.241,13.686,9.699,5.191452601138735e-06,0.5070984959602356
33,zfp-1e-5,2528100,603856,599319,1.5391269698739052e-06,3.240376032573142e-07,15.575,20.662,13.156,5.191452601138735e-06,0.5070984959602356
33,sz3-1e-4,2528100,61267,61262,5.0708651542663574e-05,1.75168481947803e-05,13.86,1.396,4.848,5.191452601138735e-06,0.5070984959602356
33,sz3-1e-5,2528100,197094,196822,5.070905899628997e-06,2.7266758567796034e-06,18.141,5.82,9.526,5.191452601138735e-06,0.5070984959602356
33,float16,2528100,1264050,807576,0.0002257227897644043,3.837427906271042e-06,3.687,26.609,3.88,5.191452601138735e-06,0.5070984959602356
33,bfloat16,2528100,1264050,598981,0.0009706616401672363,3.0406722940640098e-05,4.06,23.893,3.754,5.191452601138735e-06,0.5070984959602356
33,block8,2528100,633377,331768,0.0009928492945618927,0.00011687465175805739,4.463,12.535,2.401,5.191452601138735e-06,0.5070984959602356
33,block12,2528100,949391,842905,6.183917867019773e-05,7.2882908521163845e-06,5.918,32.609,4.219,5.191452601138735e-06,0.5070984959602356
33,block16,2528100,1265402,1182754,3.864290192723274e-06,4.559150815784764e-07,4.463,43.991,2.441,5.191452601138735e-06,0.5070984959602356
34,lossless,2528100,2528100,1873490,0.0,0.0,1.848,62.59,0.001,7.309342436201405e-06,0.5075727105140686
34,zfp-1e-4,2528100,393376,381765,1.2224540114402771e-05,2.3113521819572634e-06,12.433,14.032,9.772,7.309342436201405e-06,0.5075727105140686
34,zfp-1e-5,2528100,614096,610058,1.5529803931713104e-06,3.248270806873554e-07,15.457,20.847,13.39,7.309342436201405e-06,0.5075727105140686
34,sz3-1e-4,2528100,64023,63916,5.075638182461262e-05,2.40381708380053e-05,13.781,1.505,4.828,7.309342436201405e-06,0.5075727105140686
34,sz3-1e-5,2528100,207016,207013,5.0756498239934444e-06,2.7440197423119916e-06,19.476,5.987,9.266,7.309342436201405e-06,0.5075727105140686
34,float16,2528100,1264050,809569,0.00023978948593139648,3.935761194567759e-06,3.739,26.552,3.889,7.309342436201405e-06,0.5075727105140686
34,bfloat16,2528100,1264050,608758,0.0011032819747924805,3.1350625667749716e-05,3.845,24.089,3.545,7.309342436201405e-06,0.5075727105140686
34,block8,2528100,633377,332066,0.0009944885969161987,0.0001207758354252601,4.443,12.523,2.336,7.309342436201405e-06,0.5075727105140686
34,block12,2528100,949391,843207,6.192270666360855e-05,7.457660127011301e-06,5.817,32.657,3.91,7.309342436201405e-06,0.5075727105140686
34,block16,2528100,1265402,1180858,3.874301910400391e-06,4.6695367952530536e-07,4.531,44.135,2.356,7.309342436201405e-06,0.5075727105140686
35,lossless,2528100,2528100,1882223,0.0,0.0,1.651,62.847,0.001,1.1777477084251586e-05,0.6079637408256531
35,zfp-1e-4,2528100,397256,385843,1.2573320418596268e-05,2.3153747701728414e-06,12.403,14.131,9.669,1.1777477084251586e-05,0.6079637408256531
35,zfp-1e-5,2528100,618320,614375,1.5029218047857285e-06,3.249071350055293e-07,15.54,20.932,13.698,1.1777477084251586e-05,0.6079637408256531
35,sz3-1e-4,2528100,62152,62126,6.079464219510555e-05,2.8725286776769083e-05,13.353,1.458,4.583,1.1777477084251586e-05,0.6079637408256531
35,sz3-1e-5,2528100,197478,197348,6.07944093644619e-06,3.2696042212451207e-06,20.032,5.839,10.372,1.1777477084251586e-05,0.6079637408256531
35,float16,2528100,1264050,812627,0.00024175643920898438,4.183087094850138e-06,3.633,26.555,3.768,1.1777477084251586e-05,0.6079637408256531
35,bfloat16,2528100,1264050,618306,0.0018033981323242188,3.3206715521576945e-05,3.778,24.34,3.611,1.1777477084251586e-05,0.6079637408256531
35,block8,2528100,633377,334252,0.0011915959184989333,0.00013224687420630287,4.304,12.526,2.327,1.1777477084251586e-05,0.6079637408256531
35,block12,2528100,949391,843060,7.419183384627104e-05,8.285663198364764e-06,5.913,32.581,4.104,1.1777477084251586e-05,0.6079637408256531
35,block16,2528100,1265402,1179930,4.637324309442192e-06,5.192043863369729e-07,4.497,44.151,2.412,1.1777477084251586e-05,0.6079637408256531
36,lossless,2528100,2528100,1890721,0.0,0.0,1.769,63.109,0.001,1.8067248674924485e-05,0.7695503830909729
36,zfp-1e-4,2528100,344072,330721,2.4465378373861313e-05,4.3458087290018344e-06,11.401,12.268,8.833,1.8067248674924485e-05,0.7695503830909729
36,zfp-1e-5,2528100,549512,543606,2.987682819366455e-06,6.419703399846092e-07,14.749,18.831,12.473,1.8067248674924485e-05,0.7695503830909729
36,sz3-1e-4,2528100,59813,59813,7.69495964050293e-05,2.648194300709608e-05,13.903,1.321,5.393,1.8067248674924485e-05,0.7695503830909729
36,sz3-1e-5,2528100,189868,189848,7.695285603404045e-06,4.103556058745959e-06,16.96,5.325,8.982,1.8067248674924485e-05,0.7695503830909729
36,float16,2528100,1264050,816290,0.0002402663230895996,4.5600490629822125e-06,3.732,26.664,3.645,1.8067248674924485e-05,0.7695503830909729
36,bfloat16,2528100,1264050,627558,0.0019494295120239258,3.6342986640178e-05,3.704,24.571,3.388,1.8067248674924485e-05,0.7695503830909729
36,block8,2528100,633377,335368,0.001507810316979885,0.0001509615992905643,4.371,12.448,2.232,1.8067248674924485e-05,0.7695503830909729
36,block12,2528100,949391,841732,9.393994696438313e-05,9.505794274255905e-06,5.93,32.407,3.668,1.8067248674924485e-05,0.7695503830909729
36,block16,2528100,1265402,1177921,5.8694713516160846e-06,5.956873782222726e-07,4.477,44.125,2.25,1.8067248674924485e-05,0.7695503830909729
37,lossless,2528100,2528100,1899993,0.0,0.0,1.59,63.241,0.001,1.851772867667023e-05,0.7231061458587646
37,zfp-1e-4,2528100,351168,338312,2.6001594960689545e-05,4.399763397921681e-06,12.532,12.483,8.611,1.851772867667023e-05,0.7231061458587646
37,zfp-1e-5,2528100,639032,635765,1.5890691429376602e-06,3.261644311612934e-07,15.654,21.565,13.312,1.851772867667023e-05,0.7231061458587646
37,sz3-1e-4,2528100,66122,66122,7.230788469314575e-05,3.424880144280612e-05,13.551,1.731,4.629,1.851772867667023e-05,0.7231061458587646
37,sz3-1e-5,2528100,207239,207077,7.230846676975489e-06,3.898516510354549e-06,19.602,6.019,10.396,1.851772867667023e-05,0.7231061458587646
37,float16,2528100,1264050,820795,0.00023537874221801758,4.606772230679236e-06,3.655,26.831,3.755,1.851772867667023e-05,0.7231061458587646
37,bfloat16,2528100,1264050,637077,0.0019130706787109375,3.729599096940647e-05,3.629,24.874,3.556,1.851772867667023e-05,0.7231061458587646
37,block8,2528100,633377,333495,0.0014170873910188675,0.00015530311981249,4.343,12.418,2.154,1.851772867667023e-05,0.7231061458587646
37,block12,2528100,949391,837143,8.827447891235352e-05,9.868612190275933e-06,5.883,32.185,3.614,1.851772867667023e-05,0.7231061458587646
37,block16,2528100,1265402,1172252,5.513429641723633e-06,6.166805340062078e-07,4.519,43.925,2.217,1.851772867667023e-05,0.7231061458587646
38,lossless,2528100,2528100,1911302,0.0,0.0,1.529,63.353,0.001,1.6708465409465134e-05,0.6245565414428711
38,zfp-1e-4,2528100,358928,346361,2.3023225367069244e-05,4.468815946062122e-06,11.604,12.63,8.998,1.6708465409465134e-05,0.6245565414428711
38,zfp-1e-5,2528100,649936,646873,1.4879042282700539e-06,3.271618121489715e-07,15.876,21.908,13.533,1.6708465409465134e-05,0.6245565414428711
38,sz3-1e-4,2528100,78255,78255,6.245379336178303e-05,2.990357081934167e-05,14.423,2.03,5.211,1.6708465409465134e-05,0.6245565414428711
38,sz3-1e-5,2528100,237624,237530,6.245332770049572e-06,3.423705713623581e-06,19.72,6.967,11.578,1.6708465409465134e-05,0.6245565414428711
38,float16,2528100,1264050,826030,0.00023758411407470703,4.551014795980658e-06,3.747,26.997,3.721,1.6708465409465134e-05,0.6245565414428711
38,bfloat16,2528100,1264050,645883,0.0018985271453857422,3.646086025336007e-05,3.861,25.164,3.376,1.6708465409465134e-05,0.6245565414428711
38,block8,2528100,633377,331629,0.0012226201361045241,0.0001530252722741068,4.24,12.425,2.842,1.6708465409465134e-05,0.6245565414428711
38,block12,2528100,949391,829735,7.611280307173729e-05,9.538585700288343e-06,5.984,31.761,3.727,1.6708465409465134e-05,0.6245565414428711
38,block16,2528100,1265402,1165644,4.76837158203125e-06,5.968269674870042e-07,4.412,43.671,2.303,1.6708465409465134e-05,0.6245565414428711
39,lossless,2528100,2528100,1921503,0.0,0.0,1.9,63.867,0.001,1.3534401659853756e-05,0.7902971506118774
39,zfp-1e-4,2528100,367824,355891,2.4189241230487823e-05,4.518287097689111e-06,11.755,13.153,9.094,1.3534401659853756e-05,0.7902971506118774
39,zfp-1e-5,2528100,583592,579184,3.0528753995895386e-06,6.491310731139885e-07,14.989,19.756,12.864,1.3534401659853756e-05,0.7902971506118774
39,sz3-1e-4,2528100,77139,77139,7.902830839157104e-05,3.776067203618838e-05,14.144,1.989,4.98,1.3534401659853756e-05,0.7902971506118774
39,sz3-1e-5,2528100,231971,231894,7.902737706899643e-06,4.3068082893113785e-06,19.583,6.842,9.053,1.3534401659853756e-05,0.7902971506118774
39,float16,2528100,1264050,830052,0.00023412704467773438,4.665238567212974e-06,3.515,27.073,3.832,1.3534401659853756e-05,0.7902971506118774
39,bfloat16,2528100,1264050,656449,0.001938939094543457,3.795835877804216e-05,3.731,25.293,3.412,1.3534401659853756e-05,0.7902971506118774
39,block8,2528100,633377,330623,0.0015483330935239792,0.0001642771419550121,4.321,12.503,2.245,1.3534401659853756e-05,0.7902971506118774
39,block12,2528100,949391,820424,9.643286466598511e-05,1.0246176340365338e-05,5.697,31.19,3.587,1.3534401659853756e-05,0.7902971506118774
39,block16,2528100,1265402,1157872,6.027519702911377e-06,6.398699175644355e-07,4.237,43.213,2.289,1.3534401659853756e-05,0.7902971506118774
40,lossless,2528100,2528100,1932377,0.0,0.0,1.533,64.033,0.001,1.32860341182095e-05,0.8626139760017395
40,zfp-1e-4,2528100,379096,367413,2.2666994482278824e-05,4.595482687439194e-06,11.802,13.429,9.308,1.32860341182095e-05,0.8626139760017395
40,zfp-1e-5,2528100,598736,594713,3.0426308512687683e-06,6.509559235364001e-07,15.115,20.468,12.945,1.32860341182095e-05,0.8626139760017395
40,sz3-1e-4,2528100,83359,83359,8.625932969152927e-05,4.143356643100047e-05,14.447,2.161,5.045,1.32860341182095e-05,0.8626139760017395
40,sz3-1e-5,2528100,245200,244997,8.625909686088562e-06,4.728162202125606e-06,19.812,7.115,10.551,1.32860341182095e-05,0.8626139760017395
40,float16,2528100,1264050,835043,0.00023734569549560547,4.88559770631193e-06,3.345,27.347,3.838,1.32860341182095e-05,0.8626139760017395
40,bfloat16,2528100,1264050,666714,0.0019508600234985352,3.9281316461113986e-05,3.742,25.491,3.574,1.32860341182095e-05,0.8626139760017395
40,block8,2528100,633377,322898,0.001690153032541275,0.00018833257252989544,4.426,12.163,2.229,1.32860341182095e-05,0.8626139760017395
40,block12,2528100,949391,806169,0.00010525714606046677,1.173107135389844e-05,5.801,30.501,3.548,1.32860341182095e-05,0.8626139760017395
40,block16,2528100,1265402,1146413,6.616115570068359e-06,7.35582472080602e-07,4.31,42.716,2.367,1.32860341182095e-05,0.8626139760017395
41,lossless,2528100,2528100,1942728,0.0,0.0,1.561,64.021,0.001,2.200134622398764e-05,0.7165207266807556
41,zfp-1e-4,2528100,391552,380614,2.3752450942993164e-05,4.684744813086611e-06,11.965,13.79,9.653,2.200134622398764e-05,0.7165207266807556
41,zfp-1e-5,2528100,694520,692405,1.6634585335850716e-06,3.276501533181927e-07,15.798,23.453,13.985,2.200134622398764e-05,0.7165207266807556
41,sz3-1e-4,2528100,102463,102463,7.164978887885809e-05,3.5058285066796823e-05,15.616,2.826,5.878,2.200134622398764e-05,0.7165207266807556
41,sz3-1e-5,2528100,293917,290989,7.16489739716053e-06,3.999911814700003e-06,23.328,9.014,11.838,2.200134622398764e-05,0.7165207266807556
41,float16,2528100,1264050,840750,0.00024360418319702148,5.12274355199265e-06,3.241,27.419,3.896,2.200134622398764e-05,0.7165207266807556
41,bfloat16,2528100,1264050,677124,0.0019243955612182617,4.127736565309835e-05,3.676,25.627,3.458,2.200134622398764e-05,0.7165207266807556
41,block8,2528100,633377,317732,0.0014031864702701569,0.00021175978383473342,4.28,11.999,2.193,2.200134622398764e-05,0.7165207266807556
41,block12,2528100,949391,794359,8.735805749893188e-05,1.313060274424658e-05,5.745,29.989,3.809,2.200134622398764e-05,0.7165207266807556
41,block16,2528100,1265402,1136582,5.461275577545166e-06,8.203145645697992e-07,4.645,42.068,2.375,2.200134622398764e-05,0.7165207266807556
42,lossless,2528100,2528100,1953084,0.0,0.0,1.617,64.654,0.001,3.272136746090837e-05,0.7193863987922668
42,zfp-1e-4,2528100,405360,395098,2.39531509578228e-05,4.76421085556288e-06,12.36,14.71,9.936,3.272136746090837e-05,0.7193863987922668
42,zfp-1e-5,2528100,711936,710148,1.5017576515674591e-06,3.280688005969307e-07,16.15,24.616,14.518,3.272136746090837e-05,0.7193863987922668
42,sz3-1e-4,2528100,114836,114836,7.193535566329956e-05,3.552842213947171e-05,15.657,3.207,6.663,3.272136746090837e-05,0.7193863987922668
42,sz3-1e-5,2528100,313950,313730,7.193535566329956e-06,4.045361860036013e-06,24.184,9.274,13.342,3.272136746090837e-05,0.7193863987922668
42,float16,2528100,1264050,846559,0.00024056434631347656,5.309143219522908e-06,3.542,27.591,4.02,3.272136746090837e-05,0.7193863987922668
42,bfloat16,2528100,1264050,688435,0.001943051815032959,4.2229161458372e-05,4.267,25.876,3.637,3.272136746090837e-05,0.7193863987922668
42,block8,2528100,633377,316654,0.001409030519425869,0.00022840382252410865,4.612,12.095,2.415,3.272136746090837e-05,0.7193863987922668
42,block12,2528100,949391,788641,8.772313594818115e-05,1.4164203435456774e-05,6.017,29.692,3.954,3.272136746090837e-05,0.7193863987922668
42,block16,2528100,1265402,1129971,5.482928827404976e-06,8.837732687890161e-07,4.856,41.968,2.358,3.272136746090837e-05,0.7193863987922668
43,lossless,2528100,2528100,1964733,0.0,0.0,1.901,64.348,0.001,2.269382639497053e-05,0.7054990530014038
43,zfp-1e-4,2528100,421664,412014,2.5053508579730988e-05,4.856278236421995e-06,12.753,14.743,10.203,2.269382639497053e-05,0.7054990530014038
43,zfp-1e-5,2528100,731416,729895,1.5078112483024597e-06,3.2783816546833914e-07,16.266,24.618,14.601,2.269382639497053e-05,0.7054990530014038
43,sz3-1e-4,2528100,130481,130458,7.054745219647884e-05,3.526142198908271e-05,16.043,3.46,6.796,2.269382639497053e-05,0.7054990530014038
43,sz3-1e-5,2528100,351572,347134,7.054710295051336e-06,3.998809834633228e-06,22.806,12.06,13.929,2.269382639497053e-05,0.7054990530014038
43,float16,2528100,1264050,853588,0.00024300813674926758,5.290625459483698e-06,3.431,27.792,3.741,2.269382639497053e-05,0.7054990530014038
43,bfloat16,2528100,1264050,700818,0.001883089542388916,4.2122973186422135e-05,3.636,25.916,3.551,2.269382639497053e-05,0.7054990530014038
43,block8,2528100,633377,317570,0.0013819909654557705,0.00022421939736321381,4.261,12.098,2.218,2.269382639497053e-05,0.7054990530014038
43,block12,2528100,949391,787381,8.606165647506714e-05,1.3895544951797277e-05,5.762,29.579,3.735,2.269382639497053e-05,0.7054990530014038
43,block16,2528100,1265402,1126195,5.3765252232551575e-06,8.671222981363177e-07,4.422,41.642,2.349,2.269382639497053e-05,0.7054990530014038
44,lossless,2528100,2528100,1976846,0.0,0.0,1.596,64.573,0.001,2.027333903242834e-05,0.6780843138694763
44,zfp-1e-4,2528100,443320,434859,2.3886095732450485e-05,4.967424851477781e-06,12.811,15.479,10.575,2.027333903242834e-05,0.6780843138694763
44,zfp-1e-5,2528100,755896,754786,1.5082769095897675e-06,3.2775542316514e-07,16.076,25.318,14.746,2.027333903242834e-05,0.6780843138694763
44,sz3-1e-4,2528100,153274,153132,6.780633702874184e-05,3.4557275396959396e-05,16.468,4.314,7.684,2.027333903242834e-05,0.6780843138694763
44,sz3-1e-5,2528100,389373,387237,6.780610419809818e-06,3.880618823289048e-06,21.371,11.82,15.066,2.027333903242834e-05,0.6780843138694763
44,float16,2528100,1264050,861618,0.00023055076599121094,5.346032862482543e-06,3.596,27.927,3.983,2.027333903242834e-05,0.6780843138694763
44,bfloat16,2528100,1264050,712968,0.0019512772560119629,4.289922970743276e-05,3.774,26.026,3.453,2.027333903242834e-05,0.6780843138694763
44,block8,2528100,633377,319741,0.0013280361890792847,0.00022090368815526538,4.328,12.108,2.379,2.027333903242834e-05,0.6780843138694763
44,block12,2528100,949391,785556,8.268654346466064e-05,1.370772582951734e-05,5.892,29.525,3.843,2.027333903242834e-05,0.6780843138694763
44,block16,2528100,1265402,1121933,5.1658134907484055e-06,8.568134185734692e-07,4.519,41.549,2.241,2.027333903242834e-05,0.6780843138694763
45,lossless,2528100,2528100,1985820,0.0,0.0,1.715,64.472,0.001,2.4407325327047147e-05,0.5950238704681396
45,zfp-1e-4,2528100,544648,539836,1.2423843145370483e-05,2.593051575733002e-06,14.087,18.651,12.007,2.4407325327047147e-05,0.5950238704681396
45,zfp-1e-5,2528100,782424,781663,1.6024569049477577e-06,3.2824921559392923e-07,15.984,25.684,15.064,2.4407325327047147e-05,0.5950238704681396
45,sz3-1e-4,2528100,186136,183653,5.949963815510273e-05,3.1289032089879336e-05,16.662,5.704,8.021,2.4407325327047147e-05,0.5950238704681396
45,sz3-1e-5,2528100,447175,445070,5.949987098574638e-06,3.42529377629981e-06,21.588,14.939,17.045,2.4407325327047147e-05,0.5950238704681396
45,float16,2528100,1264050,870444,0.00023764371871948242,5.45138059495427e-06,3.492,28.162,3.72,2.4407325327047147e-05,0.5950238704681396
45,bfloat16,2528100,1264050,721863,0.0019399523735046387,4.415077562788162e-05,4.004,25.979,3.541,2.4407325327047147e-05,0.5950238704681396
45,block8,2528100,633377,318936,0.0011662420074571855,0.00023064799286778953,4.216,12.052,2.238,2.4407325327047147e-05,0.5950238704681396
45,block12,2528100,949391,783343,7.263617590069771e-05,1.4205844298921418e-05,5.749,29.296,3.807,2.4407325327047147e-05,0.5950238704681396
45,block16,2528100,1265402,1116486,4.5371707528829575e-06,8.891973300405055e-07,4.376,41.241,2.33,2.4407325327047147e-05,0.5950238704681396
46,lossless,2528100,2528100,1995937,0.0,0.0,1.607,64.675,0.001,3.8242058508330956e-05,0.624787449836731
46,zfp-1e-4,2528100,499728,493825,2.661813050508499e-05,5.152934727069455e-06,13.334,17.281,11.656,3.8242058508330956e-05,0.624787449836731
46,zfp-1e-5,2528100,816256,815879,1.546693965792656e-06,3.277907299532672e-07,15.916,26.282,14.796,3.8242058508330956e-05,0.624787449836731
46,sz3-1e-4,2528100,213735,210854,6.24748645350337e-05,3.368537126768875e-05,16.806,6.64,8.8,3.8242058508330956e-05,0.624787449836731
46,sz3-1e-5,2528100,488773,486878,6.24748645350337e-06,3.601111959702183e-06,21.299,15.728,17.317,3.8242058508330956e-05,0.624787449836731
46,float16,2528100,1264050,881198,0.00024372339248657227,5.795225788611753e-06,3.531,28.344,3.854,3.8242058508330956e-05,0.624787449836731
46,bfloat16,2528100,1264050,731915,0.0019375085830688477,4.596675028713763e-05,3.722,26.293,3.532,3.8242058508330956e-05,0.624787449836731
46,block8,2528100,633377,323187,0.0012247264385223389,0.0002432277839434501,4.112,12.18,2.151,3.8242058508330956e-05,0.624787449836731
46,block12,2528100,949391,783564,7.625529542565346e-05,1.5017692452438024e-05,5.809,29.36,3.576,3.8242058508330956e-05,0.624787449836731
46,block16,2528100,1265402,1112908,4.798173904418945e-06,9.388996257275508e-07,4.43,41.12,2.256,3.8242058508330956e-05,0.624787449836731
47,lossless,2528100,2528100,2006142,0.0,0.0,1.811,65.254,0.001,2.7349697120371275e-05,0.6341084241867065
47,zfp-1e-4,2528100,540576,536268,2.54347687587142e-05,5.20215549889439e-06,13.689,18.497,11.887,2.7349697120371275e-05,0.6341084241867065
47,zfp-1e-5,2528100,857648,857648,1.5022233128547668e-06,3.279672581960567e-07,15.899,27.132,15.422,2.7349697120371275e-05,0.6341084241867065
47,sz3-1e-4,2528100,256329,256148,6.340781692415476e-05,3.5328792237475896e-05,17.254,7.375,10.537,2.7349697120371275e-05,0.6341084241867065
47,sz3-1e-5,2528100,547245,546956,6.3407933339476585e-06,3.656629453663987e-06,21.136,17.016,18.961,2.7349697120371275e-05,0.6341084241867065
47,float16,2528100,1264050,897168,0.00024241209030151367,5.727118351449152e-06,3.635,28.613,3.956,2.7349697120371275e-05,0.6341084241867065
47,bfloat16,2528100,1264050,742526,0.0019415020942687988,4.517456843711619e-05,3.675,26.778,3.734,2.7349697120371275e-05,0.6341084241867065
47,block8,2528100,633377,330104,0.0012426966277416795,0.00025449977090234016,4.264,12.342,2.315,2.7349697120371275e-05,0.6341084241867065
47,block12,2528100,949391,785385,7.7385688200593e-05,1.5675122964428897e-05,5.897,29.458,3.928,2.7349697120371275e-05,0.6341084241867065
47,block16,2528100,1265402,1110179,4.833622369915247e-06,9.805057002515875e-07,4.394,41.088,2.373,2.7349697120371275e-05,0.6341084241867065
48,lossless,2528100,2528100,2019228,0.0,0.0,1.805,63.935,0.001,2.4367835067096166e-05,0.6868948936462402
48,zfp-1e-4,2528100,599592,597217,2.5115208700299263e-05,5.233671559479e-06,13.887,20.321,12.43,2.4367835067096166e-05,0.6868948936462402
48,zfp-1e-5,2528100,916664,916664,1.543201506137848e-06,3.2807008143079807e-07,15.798,27.903,15.673,2.4367835067096166e-05,0.6868948936462402
48,sz3-1e-4,2528100,316688,314500,6.86870189383626e-05,3.9255823022639016e-05,16.528,9.502,13.046,2.4367835067096166e-05,0.6868948936462402
48,sz3-1e-5,2528100,618136,617884,6.8686786107718945e-06,3.965158432836999e-06,21.302,19.065,19.751,2.4367835067096166e-05,0.6868948936462402
48,float16,2528100,1264050,925007,0.00024276971817016602,5.632288193600713e-06,3.518,28.921,3.805,2.4367835067096166e-05,0.6868948936462402
48,bfloat16,2528100,1264050,753802,0.0019455552101135254,4.491325143118086e-05,3.691,25.622,3.274,2.4367835067096166e-05,0.6868948936462402
48,block8,2528100,633377,349996,0.0013454058789648116,0.00026053252263405724,4.319,12.916,2.121,2.4367835067096166e-05,0.6868948936462402
48,block12,2528100,949391,794004,8.380284998565912e-05,1.608326543673213e-05,5.822,29.822,3.702,2.4367835067096166e-05,0.6868948936462402
48,block16,2528100,1265402,1113214,5.245208740234375e-06,1.0031605496871764e-06,4.483,41.323,2.335,2.4367835067096166e-05,0.6868948936462402
49,lossless,2528100,2528100,2015822,0.0,0.0,1.785,64.026,0.001,3.1237053917720914e-05,0.7089359164237976
49,zfp-1e-4,2528100,643176,641756,2.5354791432619095e-05,5.252052623045048e-06,13.813,21.517,12.721,3.1237053917720914e-05,0.7089359164237976
49,zfp-1e-5,2528100,960040,960040,1.5159603208303452e-06,3.2765886933211716e-07,15.427,29.037,15.622,3.1237053917720914e-05,0.7089359164237976
49,sz3-1e-4,2528100,347117,343702,7.0890411734581e-05,4.077204353426888e-05,16.246,10.786,13.475,3.1237053917720914e-05,0.7089359164237976
49,sz3-1e-5,2528100,638909,638909,7.088994607329369e-06,4.093553573507312e-06,21.521,19.269,20.429,3.1237053917720914e-05,0.7089359164237976
49,float16,2528100,1264050,931916,0.0002434849739074707,5.541117352117604e-06,3.292,29.477,4.068,3.1237053917720914e-05,0.7089359164237976
49,bfloat16,2528100,1264050,750172,0.0019492506980895996,4.487131498586964e-05,4.154,25.786,3.666,3.1237053917720914e-05,0.7089359164237976
49,block8,2528100,633377,364975,0.0013886782107874751,0.00025170680596758627,5.822,13.474,2.495,3.1237053917720914e-05,0.7089359164237976
49,block12,2528100,949391,803499,8.64863395690918e-05,1.5454383279041786e-05,7.065,30.201,4.088,3.1237053917720914e-05,0.7089359164237976
49,block16,2528100,1265402,1121725,5.409121513366699e-06,9.644924234891441e-07,4.732,41.941,2.393,3.1237053917720914e-05,0.7089359164237976
50,lossless,2528100,2528100,2027128,0.0,0.0,1.593,64.816,0.001,8.341105967701878e-06,0.7427424788475037
50,zfp-1e-4,2528100,693704,692638,2.4974520783871412e-05,5.254024547499063e-06,13.435,23.157,12.777,8.341105967701878e-06,0.7427424788475037
50,zfp-1e-5,2528100,1010528,1010528,1.644715666770935e-06,3.278024129878694e-07,14.946,30.769,15.726,8.341105967701878e-06,0.7427424788475037
50,sz3-1e-4,2528100,391253,388239,7.427320815622807e-05,4.28427931080096e-05,16.474,12.792,13.649,8.341105967701878e-06,0.7427424788475037
50,sz3-1e-5,2528100,692460,692460,7.427326636388898e-06,4.289703767906787e-06,22.874,21.115,22.085,8.341105967701878e-06,0.7427424788475037
50,float16,2528100,1264050,959777,0.0002396702766418457,5.5192028959558534e-06,3.606,29.298,3.921,8.341105967701878e-06,0.7427424788475037
50,bfloat16,2528100,1264050,763227,0.0019244551658630371,4.4210933524341696e-05,4.335,26.084,3.93,8.341105967701878e-06,0.7427424788475037
50,block8,2528100,633377,379315,0.0014555277302861214,0.0002666175591314309,4.963,13.909,3.38,8.341105967701878e-06,0.7427424788475037
50,block12,2528100,949391,809269,9.064376354217529e-05,1.644792881387731e-05,8.748,33.611,4.393,8.341105967701878e-06,0.7427424788475037
50,block16,2528100,1265402,1125220,5.662441253662109e-06,1.0242539520812503e-06,5.045,42.425,2.569,8.341105967701878e-06,0.7427424788475037
51,lossless,2528100,2528100,2021133,0.0,0.0,1.693,64.747,0.002,1.0440629012009595e-05,0.9241051077842712
51,zfp-1e-4,2528100,672968,672112,2.564745955169201e-05,5.247606447144701e-06,13.84,22.321,12.94,1.0440629012009595e-05,0.9241051077842712
51,zfp-1e-5,2528100,910592,910592,3.052176907658577e-06,6.564882613586185e-07,15.137,27.755,15.275,1.0440629012009595e-05,0.9241051077842712
51,sz3-1e-4,2528100,347433,343419,9.240946383215487e-05,5.316927336817303e-05,16.707,11.556,13.964,1.0440629012009595e-05,0.9241051077842712
51,sz3-1e-5,2528100,646591,646591,9.240931831300259e-06,5.331054840391804e-06,20.518,19.549,19.553,1.0440629012009595e-05,0.9241051077842712
51,float16,2528100,1264050,950401,0.0002429485321044922,5.37508113227065e-06,3.778,29.47,4.004,1.0440629012009595e-05,0.9241051077842712
51,bfloat16,2528100,1264050,757567,0.0018773674964904785,4.306888142442094e-05,4.384,25.869,3.786,1.0440629012009595e-05,0.9241051077842712
51,block8,2528100,633377,372295,0.0018111721255991142,0.0002782545716822888,5.347,13.824,2.676,1.0440629012009595e-05,0.9241051077842712
51,block12,2528100,949391,805544,0.00011280551552772522,1.7143071579218252e-05,6.901,30.702,4.229,1.0440629012009595e-05,0.9241051077842712
51,block16,2528100,1265402,1123826,7.047783583402634e-06,1.071469350279711e-06,5.472,42.268,2.572,1.0440629012009595e-05,0.9241051077842712
52,lossless,2528100,2528100,2015386,0.0,0.0,1.79,64.323,0.001,1.7448450307711028e-05,0.7924681901931763
52,zfp-1e-4,2528100,636192,634720,2.3964326828718185e-05,5.256675742460176e-06,14.236,21.578,12.73,1.7448450307711028e-05,0.7924681901931763
52,zfp-1e-5,2528100,873856,873856,3.0672817956656218e-06,6.554691869782333e-07,15.448,26.931,15.185,1.7448450307711028e-05,0.7924681901931763
52,sz3-1e-4,2528100,319622,317524,7.92450737208128e-05,4.548364592588198e-05,18.518,9.863,14.595,1.7448450307711028e-05,0.7924681901931763
52,sz3-1e-5,2528100,623687,623687,7.924449164420366e-06,4.57722515047666e-06,19.986,19.154,19.915,1.7448450307711028e-05,0.7924681901931763
52,float16,2528100,1264050,928888,0.00023126602172851562,5.256053087686789e-06,3.835,29.145,4.154,1.7448450307711028e-05,0.7924681901931763
52,bfloat16,2528100,1264050,750056,0.0019075870513916016,4.152514910864922e-05,4.499,25.477,3.8,1.7448450307711028e-05,0.7924681901931763
52,block8,2528100,633377,366409,0.0015513731341343373,0.00024888542590808643,4.845,13.522,2.738,1.7448450307711028e-05,0.7924681901931763
52,block12,2528100,949391,807742,9.669503197073936e-05,1.5286886950030818e-05,6.953,30.663,4.702,1.7448450307711028e-05,0.7924681901931763
52,block16,2528100,1265402,1125723,6.041023880243301e-06,9.55823802979991e-07,5.013,42.136,2.511,1.7448450307711028e-05,0.7924681901931763
53,lossless,2528100,2528100,2010219,0.0,0.0,2.012,64.382,0.001,1.968654032680206e-05,0.7712625861167908
53,zfp-1e-4,2528100,602232,599983,2.7865637093782425e-05,5.243766595817624e-06,14.202,20.57,12.525,1.968654032680206e-05,0.7712625861167908
53,zfp-1e-5,2528100,839992,839992,3.085820935666561e-06,6.554090319741173e-07,15.719,26.475,15.361,1.968654032680206e-05,0.7712625861167908
53,sz3-1e-4,2528100,291015,290893,7.71242193877697e-05,4.406767411271414e-05,17.282,8.484,12.919,1.968654032680206e-05,0.7712625861167908
53,sz3-1e-5,2528100,581845,581845,7.712427759543061e-06,4.449920464952187e-06,21.875,17.711,19.592,1.968654032680206e-05,0.7712625861167908
53,float16,2528100,1264050,913473,0.00024247169494628906,5.367121769660334e-06,3.652,28.909,3.861,1.968654032680206e-05,0.7712625861167908
53,bfloat16,2528100,1264050,745676,0.001902163028717041,4.344087252789506e-05,3.927,25.632,3.616,1.968654032680206e-05,0.7712625861167908
53,block8,2528100,633377,356794,0.0015109916857909411,0.00023690708504436113,4.571,13.288,2.463,1.968654032680206e-05,0.7712625861167908
53,block12,2528100,949391,803418,9.410514030605555e-05,1.4617075084108252e-05,6.274,30.109,4.267,1.968654032680206e-05,0.7712625861167908
53,block16,2528100,1265402,1123242,5.881069228053093e-06,9.130524961170161e-07,4.706,42.498,2.544,1.968654032680206e-05,0.7712625861167908
54,lossless,2528100,2528100,2016369,0.0,0.0,1.628,64.22,0.001,2.3697930373600684e-05,0.6317185163497925
54,zfp-1e-4,2528100,582136,579187,2.4384818971157074e-05,5.227447140039532e-06,14.242,19.867,12.366,2.3697930373600684e-05,0.6317185163497925
54,zfp-1e-5,2528100,899192,899192,1.5248078852891922e-06,3.275381747771476e-07,16.468,27.773,15.96,2.3697930373600684e-05,0.6317185163497925
54,sz3-1e-4,2528100,308085,307877,6.316928192973137e-05,3.600234300752713e-05,17.382,9.112,13.33,2.3697930373600684e-05,0.6317185163497925
54,sz3-1e-5,2528100,606857,606686,6.316928192973137e-06,3.6491093263370065e-06,22.721,19.06,20.412,2.3697930373600684e-05,0.6317185163497925
54,float16,2528100,1264050,917663,0.0002415180206298828,5.590666032628422e-06,6.906,29.119,4.07,2.3697930373600684e-05,0.6317185163497925
54,bfloat16,2528100,1264050,751505,0.0019494295120239258,4.4647747246837786e-05,5.545,25.67,3.881,2.3697930373600684e-05,0.6317185163497925
54,block8,2528100,633377,350011,0.0012374073266983032,0.0002470517370345969,4.856,13.159,2.63,2.3697930373600684e-05,0.6317185163497925
54,block12,2528100,949391,797250,7.702037692070007e-05,1.5218273522338289e-05,6.419,30.144,4.1,2.3697930373600684e-05,0.6317185163497925
54,block16,2528100,1265402,1117865,4.8140063881874084e-06,9.527184063128645e-07,4.777,41.852,2.494,2.3697930373600684e-05,0.6317185163497925
55,lossless,2528100,2528100,2006958,0.0,0.0,1.768,65.668,0.001,1.3326373846211936e-05,0.6509451270103455
55,zfp-1e-4,2528100,532696,527801,2.73857731372118e-05,5.1844902458687544e-06,13.891,18.548,11.966,1.3326373846211936e-05,0.6509451270103455
55,zfp-1e-5,2528100,849512,849455,1.553911715745926e-06,3.2798458514633533e-07,16.467,26.768,15.68,1.3326373846211936e-05,0.6509451270103455
55,sz3-1e-4,2528100,249514,249345,6.509292870759964e-05,3.6048667260722564e-05,18.077,7.307,11.16,1.3326373846211936e-05,0.6509451270103455
55,sz3-1e-5,2528100,538325,537314,6.509246304631233e-06,3.7564473017072027e-06,22.539,17.94,20.495,1.3326373846211936e-05,0.6509451270103455
55,float16,2528100,1264050,897673,0.00024318695068359375,5.687402516269675e-06,3.835,28.776,4.136,1.3326373846211936e-05,0.6509451270103455
55,bfloat16,2528100,1264050,743473,0.0019118785858154297,4.4410360000827146e-05,4.245,26.917,3.878,1.3326373846211936e-05,0.6509451270103455
55,block8,2528100,633377,337507,0.001275117858313024,0.0002508355734044332,4.859,12.758,2.703,1.3326373846211936e-05,0.6509451270103455
55,block12,2528100,949391,790813,7.938127964735031e-05,1.548044306252313e-05,6.502,29.745,4.062,1.3326373846211936e-05,0.6509451270103455
55,block16,2528100,1265402,1116389,4.961621016263962e-06,9.666481176635778e-07,5.169,41.432,2.582,1.3326373846211936e-05,0.6509451270103455
56,lossless,2528100,2528100,1993973,0.0,0.0,1.987,65.218,0.001,1.2263340977369808e-05,0.6588554978370667
56,zfp-1e-4,2528100,491072,484302,2.690951805561781e-05,5.1139486136870635e-06,13.565,17.047,11.271,1.2263340977369808e-05,0.6588554978370667
56,zfp-1e-5,2528100,806992,806490,1.6016419976949692e-06,3.273273899422804e-07,16.403,26.502,15.142,1.2263340977369808e-05,0.6588554978370667
56,sz3-1e-4,2528100,199414,196075,6.588408723473549e-05,3.494459010841658e-05,18.751,6.426,9.113,1.2263340977369808e-05,0.6588554978370667
56,sz3-1e-5,2528100,466841,463567,6.588408723473549e-06,3.793458830902941e-06,22.362,16.082,18.873,1.2263340977369808e-05,0.6588554978370667
56,float16,2528100,1264050,880341,0.00024324655532836914,5.421220794158153e-06,3.855,28.565,4.142,1.2263340977369808e-05,0.6588554978370667
56,bfloat16,2528100,1264050,730446,0.0019480586051940918,4.3451372933027275e-05,4.314,26.428,3.849,1.2263340977369808e-05,0.6588554978370667
56,block8,2528100,633377,330365,0.0012905844487249851,0.00023808931755231482,5.07,12.664,2.534,1.2263340977369808e-05,0.6588554978370667
56,block12,2528100,949391,789483,8.036266081035137e-05,1.4627632811318648e-05,6.615,29.728,4.273,1.2263340977369808e-05,0.6588554978370667
56,block16,2528100,1265402,1119060,5.02169132232666e-06,9.140850194976037e-07,4.984,41.339,2.508,1.2263340977369808e-05,0.6588554978370667
57,lossless,2528100,2528100,1981733,0.0,0.0,1.61,64.542,0.002,1.9854358470183797e-05,0.6147972941398621
57,zfp-1e-4,2528100,459600,451579,2.3477710783481598e-05,5.040951058372478e-06,13.125,16.174,10.808,1.9854358470183797e-05,0.6147972941398621
57,zfp-1e-5,2528100,774016,773095,1.5203841030597687e-06,3.279306160895177e-07,16.093,25.756,14.818,1.9854358470183797e-05,0.6147972941398621
57,sz3-1e-4,2528100,173517,170640,6.14773016422987e-05,3.183883263367206e-05,16.708,5.539,8.058,1.9854358470183797e-05,0.6147972941398621
57,sz3-1e-5,2528100,422829,420499,6.147747626528144e-06,3.5269488696946307e-06,21.409,13.774,17.148,1.9854358470183797e-05,0.6147972941398621
57,float16,2528100,1264050,868294,0.00024235248565673828,5.182421988523614e-06,3.817,28.28,4.045,1.9854358470183797e-05,0.6147972941398621
57,bfloat16,2528100,1264050,718443,0.0018309354782104492,4.116785835978966e-05,3.895,26.092,3.705,1.9854358470183797e-05,0.6147972941398621
57,block8,2528100,633377,325486,0.0012042596936225891,0.00021493039671771502,4.353,12.382,2.485,1.9854358470183797e-05,0.6147972941398621
57,block12,2528100,949391,790844,7.499958155676723e-05,1.3257570634843236e-05,6.417,29.699,4.189,1.9854358470183797e-05,0.6147972941398621
57,block16,2528100,1265402,1122354,4.708766937255859e-06,8.28489719742933e-07,4.814,41.722,2.408,1.9854358470183797e-05,0.6147972941398621
58,lossless,2528100,2528100,1968879,0.0,0.0,1.591,64.665,0.001,3.9547649066662416e-05,0.5545834302902222
58,zfp-1e-4,2528100,508304,501704,1.2822914868593216e-05,2.5695193919550587e-06,14.128,17.652,11.677,3.9547649066662416e-05,0.5545834302902222
58,zfp-1e-5,2528100,745584,744143,1.519918441772461e-06,3.277868912020807e-07,16.362,24.941,14.697,3.9547649066662416e-05,0.5545834302902222
58,sz3-1e-4,2528100,154419,154144,5.5454205721616745e-05,2.83353665144858e-05,16.095,4.341,7.544,3.9547649066662416e-05,0.5545834302902222
58,sz3-1e-5,2528100,390845,389410,5.545385647565126e-06,3.169580870292602e-06,25.267,11.937,15.622,3.9547649066662416e-05,0.5545834302902222
58,float16,2528100,1264050,857213,0.0002218484878540039,5.044365318147226e-06,3.796,28.058,3.797,3.9547649066662416e-05,0.5545834302902222
58,bfloat16,2528100,1264050,703606,0.0018851757049560547,4.035397559746581e-05,3.955,25.838,3.62,3.9547649066662416e-05,0.5545834302902222
58,block8,2528100,633377,325349,0.0010862946510314941,0.00020451814767562829,4.641,12.312,2.445,3.9547649066662416e-05,0.5545834302902222
58,block12,2528100,949391,795953,6.76540657877922e-05,1.2659605836293944e-05,6.145,30.032,3.956,3.9547649066662416e-05,0.5545834302902222
58,block16,2528100,1265402,1129533,4.226807504892349e-06,7.909213399124858e-07,4.732,41.968,2.46,3.9547649066662416e-05,0.5545834302902222
59,lossless,2528100,2528100,1957107,0.0,0.0,1.724,64.52,0.001,5.5305299611063674e-05,0.5902743339538574
59,zfp-1e-4,2528100,485320,477628,1.1807307600975037e-05,2.5433952251067584e-06,13.799,16.846,11.357,5.5305299611063674e-05,0.5902743339538574
59,zfp-1e-5,2528100,721864,720018,1.5236437320709229e-06,3.279597006797258e-07,16.116,24.522,14.565,5.5305299611063674e-05,0.5902743339538574
59,sz3-1e-4,2528100,131272,131179,5.902175325900316e-05,2.9462037822555895e-05,15.732,3.755,6.8,5.5305299611063674e-05,0.5902743339538574
59,sz3-1e-5,2528100,351468,350154,5.902140401303768e-06,3.360473816584527e-06,20.513,11.119,14.076,5.5305299611063674e-05,0.5902743339538574
59,float16,2528100,1264050,848974,0.00024014711380004883,4.925625533293156e-06,3.54,27.812,3.91,5.5305299611063674e-05,0.5902743339538574
59,bfloat16,2528100,1264050,692847,0.0019412040710449219,3.9152736193835705e-05,4.058,25.748,3.73,5.5305299611063674e-05,0.5902743339538574
59,block8,2528100,633377,329894,0.001155824400484562,0.00020949872215556914,4.573,12.521,2.364,5.5305299611063674e-05,0.5902743339538574
59,block12,2528100,949391,801427,7.199682295322418e-05,1.294270363446856e-05,5.96,30.156,4.022,5.5305299611063674e-05,0.5902743339538574
59,block16,2528100,1265402,1138338,4.498288035392761e-06,8.079184332830935e-07,4.633,42.177,2.396,5.5305299611063674e-05,0.5902743339538574
60,lossless,2528100,2528100,1944609,0.0,0.0,1.666,64.437,0.001,5.81792373850476e-05,0.6121960282325745
60,zfp-1e-4,2528100,394912,383427,2.525467425584793e-05,4.745309590880713e-06,12.304,14.138,9.973,5.81792373850476e-05,0.6121960282325745
60,zfp-1e-5,2528100,701520,699343,1.508975401520729e-06,3.2801155057311535e-07,15.963,23.702,14.485,5.81792373850476e-05,0.6121960282325745
60,sz3-1e-4,2528100,113735,113735,6.121350452303886e-05,3.0177601895672903e-05,15.104,3.018,6.227,5.81792373850476e-05,0.6121960282325745
60,sz3-1e-5,2528100,316718,314808,6.121350452303886e-06,3.454003819139525e-06,19.583,10.061,13.698,5.81792373850476e-05,0.6121960282325745
60,float16,2528100,1264050,842178,0.00024241209030151367,4.768441388558607e-06,3.584,27.66,3.822,5.81792373850476e-05,0.6121960282325745
60,bfloat16,2528100,1264050,680863,0.0019366741180419922,3.8057755860449174e-05,4.004,25.738,3.518,5.81792373850476e-05,0.6121960282325745
60,block8,2528100,633377,328585,0.001200169324874878,0.0002013201659674828,4.325,12.424,2.311,5.81792373850476e-05,0.6121960282325745
60,block12,2528100,949391,806204,7.473467849195004e-05,1.2372625690779093e-05,6.127,30.587,3.817,5.81792373850476e-05,0.6121960282325745
60,block16,2528100,1265402,1144117,4.67000063508749e-06,7.745811044729444e-07,4.484,42.533,2.254,5.81792373850476e-05,0.6121960282325745
61,lossless,2528100,2528100,1930930,0.0,0.0,1.514,63.982,0.001,7.565468695247546e-05,0.6340634226799011
61,zfp-1e-4,2528100,379824,367597,2.412637695670128e-05,4.647259703319743e-06,11.936,13.462,9.676,7.565468695247546e-05,0.6340634226799011
61,zfp-1e-5,2528100,682864,680179,1.5790574252605438e-06,3.2841107411038977e-07,15.858,22.93,13.861,7.565468695247546e-05,0.6340634226799011
61,sz3-1e-4,2528100,98924,98924,6.339873652905226e-05,3.080817478873503e-05,14.779,2.758,5.652,7.565468695247546e-05,0.6340634226799011
61,sz3-1e-5,2528100,284824,281886,6.339862011373043e-06,3.537026447204699e-06,19.773,8.883,11.424,7.565468695247546e-05,0.6340634226799011
61,float16,2528100,1264050,835836,0.00023889541625976562,4.629607706121518e-06,3.568,27.498,3.776,7.565468695247546e-05,0.6340634226799011
61,bfloat16,2528100,1264050,665285,0.0019190311431884766,3.781249423569832e-05,3.692,25.525,3.622,7.565468695247546e-05,0.6340634226799011
61,block8,2528100,633377,329847,0.0012426087923813611,0.00019414623554149697,4.141,12.438,2.245,7.565468695247546e-05,0.6340634226799011
61,block12,2528100,949391,811807,7.737055420875549e-05,1.1881279270235814e-05,5.747,30.752,3.73,7.565468695247546e-05,0.6340634226799011
61,block16,2528100,1265402,1150812,4.834495484828949e-06,7.439074829167975e-07,4.364,43.075,2.283,7.565468695247546e-05,0.6340634226799011
62,lossless,2528100,2528100,1918120,0.0,0.0,3.059,64.189,0.001,6.985334039200097e-05,0.720301628112793
62,zfp-1e-4,2528100,366848,353878,2.2493768483400345e-05,4.553461070351116e-06,11.797,13.143,9.183,6.985334039200097e-05,0.720301628112793
62,zfp-1e-5,2528100,666176,663125,1.5531550161540508e-06,3.2771931728288024e-07,15.777,22.534,13.845,6.985334039200097e-05,0.720301628112793
62,sz3-1e-4,2528100,81676,81675,7.202289998531342e-05,3.4415876763243816e-05,14.176,2.085,5.155,6.985334039200097e-05,0.720301628112793
62,sz3-1e-5,2528100,242784,242595,7.202266715466976e-06,3.956243740181106e-06,18.865,7.08,10.45,6.985334039200097e-05,0.720301628112793
62,float16,2528100,1264050,829028,0.0002429485321044922,4.6756540741028095e-06,3.477,27.12,3.9,6.985334039200097e-05,0.720301628112793
62,bfloat16,2528100,1264050,653394,0.0018777847290039062,3.7054320006012074e-05,3.831,25.146,3.673,6.985334039200097e-05,0.720301628112793
62,block8,2528100,633377,332896,0.0014106838498264551,0.00018088795749253458,4.416,12.628,2.176,6.985334039200097e-05,0.720301628112793
62,block12,2528100,949391,817675,8.78581777215004e-05,1.1205196639345462e-05,5.767,30.991,3.787,6.985334039200097e-05,0.720301628112793
62,block16,2528100,1265402,1157362,5.491077899932861e-06,6.968780331309848e-07,4.394,43.102,2.316,6.985334039200097e-05,0.720301628112793
63,lossless,2528100,2528100,1906749,0.0,0.0,1.654,63.394,0.001,6.498799484688789e-05,0.799663245677948
63,zfp-1e-4,2528100,356856,343400,2.3767352104187012e-05,4.477541997148218e-06,11.522,12.557,9.008,6.498799484688789e-05,0.799663245677948
63,zfp-1e-5,2528100,572840,567459,3.00421379506588e-06,6.512656177980441e-07,15.08,19.604,12.784,6.498799484688789e-05,0.799663245677948
63,sz3-1e-4,2528100,71228,71228,7.995963096618652e-05,2.8276908848169068e-05,14.802,1.904,5.66,6.498799484688789e-05,0.799663245677948
63,sz3-1e-5,2528100,213824,213797,7.99586996436119e-06,4.327185712457572e-06,17.508,6.149,8.75,6.498799484688789e-05,0.799663245677948
63,float16,2528100,1264050,824014,0.00024199485778808594,4.471092536830949e-06,3.448,27.199,3.728,6.498799484688789e-05,0.799663245677948
63,bfloat16,2528100,1264050,641708,0.0019327402114868164,3.590670266889794e-05,3.967,25.006,3.729,6.498799484688789e-05,0.799663245677948
63,block8,2528100,633377,334074,0.0015653660520911217,0.00016789378520648632,4.483,12.606,2.282,6.498799484688789e-05,0.799663245677948
63,block12,2528100,949391,822520,9.750761091709137e-05,1.0440973675333057e-05,5.705,31.264,3.758,6.498799484688789e-05,0.799663245677948
63,block16,2528100,1265402,1162780,6.095040589570999e-06,6.527329472215128e-07,4.504,43.354,2.226,6.498799484688789e-05,0.799663245677948
64,lossless,2528100,2528100,1897269,0.0,0.0,1.803,63.324,0.001,6.566038791788742e-05,0.7835047841072083
64,zfp-1e-4,2528100,349296,335464,2.4965032935142517e-05,4.416207206011776e-06,11.636,12.447,8.967,6.566038791788742e-05,0.7835047841072083
64,zfp-1e-5,2528100,563584,558076,3.2669631764292717e-06,6.498506335909272e-07,15.093,19.355,13.117,6.566038791788742e-05,0.7835047841072083
64,sz3-1e-4,2528100,64441,64441,7.834332063794136e-05,3.7118351003290384e-05,13.567,1.374,4.637,6.566038791788742e-05,0.7835047841072083
64,sz3-1e-5,2528100,200817,200652,7.834285497665405e-06,4.209474503068839e-06,17.987,5.899,8.901,6.566038791788742e-05,0.7835047841072083
64,float16,2528100,1264050,819733,0.00023156404495239258,4.242094223292662e-06,3.224,26.984,3.903,6.566038791788742e-05,0.7835047841072083
64,bfloat16,2528100,1264050,632068,0.001947641372680664,3.408614016490036e-05,3.654,24.825,3.489,6.566038791788742e-05,0.7835047841072083
64,block8,2528100,633377,335359,0.0015344694256782532,0.00015063700731421964,4.35,12.63,2.318,6.566038791788742e-05,0.7835047841072083
64,block12,2528100,949391,828260,9.556463919579983e-05,9.296851861023528e-06,5.695,31.619,3.763,6.566038791788742e-05,0.7835047841072083
64,block16,2528100,1265402,1167565,5.970709025859833e-06,5.825089305643031e-07,4.313,43.622,2.349,6.566038791788742e-05,0.7835047841072083
65,lossless,2528100,2528100,1886219,0.0,0.0,1.502,63.073,0.001,6.31684742984362e-05,0.7904481887817383
65,zfp-1e-4,2528100,341072,326584,2.3448839783668518e-05,4.344777962781782e-06,11.281,12.201,8.581,6.31684742984362e-05,0.7904481887817383
65,zfp-1e-5,2528100,550320,543990,3.2426323741674423e-06,6.481342441772948e-07,14.81,18.913,12.471,6.31684742984362e-05,0.7904481887817383
65,sz3-1e-4,2528100,58595,58578,7.903785444796085e-05,3.7303269549487025e-05,13.306,1.356,4.455,6.31684742984362e-05,0.7904481887817383
65,sz3-1e-5,2528100,194348,194242,7.903785444796085e-06,3.728568023856558e-06,17.943,5.417,9.836,6.31684742984362e-05,0.7904481887817383
65,float16,2528100,1264050,814371,0.00023859739303588867,4.087998129379157e-06,3.42,26.79,3.596,6.31684742984362e-05,0.7904481887817383
65,bfloat16,2528100,1264050,620523,0.0019426345825195312,3.22539384083937e-05,3.776,24.476,3.649,6.31684742984362e-05,0.7904481887817383
65,block8,2528100,633377,336300,0.0015483945608139038,0.00013884295375666918,4.166,12.697,2.216,6.31684742984362e-05,0.7904481887817383
65,block12,2528100,949391,833247,9.643100202083588e-05,8.542323858260304e-06,5.852,32.03,4.021,6.31684742984362e-05,0.7904481887817383
65,block16,2528100,1265402,1172569,6.025191396474838e-06,5.365535639277357e-07,4.482,43.77,2.34,6.31684742984362e-05,0.7904481887817383
66,lossless,2528100,2528100,1874395,0.0,0.0,1.596,62.829,0.001,7.094346801750362e-05,0.753823459148407
66,zfp-1e-4,2528100,334136,319193,2.2512394934892654e-05,4.275486679497013e-06,11.196,12.025,8.481,7.094346801750362e-05,0.753823459148407
66,zfp-1e-5,2528100,618128,613653,1.5099067240953445e-06,3.267050266974634e-07,15.548,20.875,13.131,7.094346801750362e-05,0.753823459148407
66,sz3-1e-4,2528100,55558,55558,7.537472993135452e-05,3.536763068606419e-05,13.749,1.24,4.963,7.094346801750362e-05,0.753823459148407
66,sz3-1e-5,2528100,176357,176357,7.5374264270067215e-06,3.995781937469417e-06,16.836,4.967,7.558,7.094346801750362e-05,0.753823459148407
66,float16,2528100,1264050,812052,0.0002402663230895996,4.125676563136191e-06,3.496,26.692,3.734,7.094346801750362e-05,0.753823459148407
66,bfloat16,2528100,1264050,611565,0.0018785595893859863,3.261413354768454e-05,3.856,24.253,3.487,7.094346801750362e-05,0.753823459148407
66,block8,2528100,633377,335277,0.0014765001833438873,0.00013507519848376644,4.465,12.624,2.422,7.094346801750362e-05,0.753823459148407
66,block12,2528100,949391,835708,9.195134043693542e-05,8.420146041985241e-06,5.824,32.117,3.845,7.094346801750362e-05,0.753823459148407
66,block16,2528100,1265402,1175966,5.7462602853775024e-06,5.287994835137923e-07,4.43,43.858,2.383,7.094346801750362e-05,0.753823459148407
67,lossless,2528100,2528100,1867514,0.0,0.0,1.551,62.471,0.001,6.10799397691153e-05,0.5737049579620361
67,zfp-1e-4,2528100,387064,374252,1.2002885341644287e-05,2.3037437488341055e-06,12.216,13.604,9.638,6.10799397691153e-05,0.5737049579620361
67,zfp-1e-5,2528100,609664,604951,1.5067635104060173e-06,3.260931857116913e-07,15.558,20.728,13.547,6.10799397691153e-05,0.5737049579620361
67,sz3-1e-4,2528100,60167,60167,5.736411549150944e-05,2.6942891464330087e-05,14.525,1.405,4.579,6.10799397691153e-05,0.5737049579620361
67,sz3-1e-5,2528100,201395,201218,5.736364983022213e-06,2.743237236900963e-06,17.524,5.877,8.392,6.10799397691153e-05,0.5737049579620361
67,float16,2528100,1264050,809037,0.00022661685943603516,4.2339431582558e-06,3.417,26.694,4.081,6.10799397691153e-05,0.5737049579620361
67,bfloat16,2528100,1264050,603914,0.0019502639770507812,3.373496795491352e-05,3.867,23.955,3.7,6.10799397691153e-05,0.5737049579620361
67,block8,2528100,633377,332178,0.0011231526732444763,0.00014086704644190182,4.479,12.519,2.315,6.10799397691153e-05,0.5737049579620361
67,block12,2528100,949391,834126,6.992742419242859e-05,8.7010896047779e-06,6.041,31.97,3.737,6.10799397691153e-05,0.5737049579620361
67,block16,2528100,1265402,1175942,4.373490810394287e-06,5.435051187846889e-07,4.45,43.952,2.303,6.10799397691153e-05,0.5737049579620361
68,lossless,2528100,2528100,1858476,0.0,0.0,1.805,62.253,0.001,3.150948032271117e-05,0.609892725944519
68,zfp-1e-4,2528100,381368,368149,1.1533498764038086e-05,2.277940497619057e-06,12.19,13.525,9.633,3.150948032271117e-05,0.609892725944519
68,zfp-1e-5,2528100,602072,596984,1.4908728189766407e-06,3.2531509236237704e-07,15.456,20.504,13.219,3.150948032271117e-05,0.609892725944519
68,sz3-1e-4,2528100,55956,55952,6.098300218582153e-05,2.0510925702761748e-05,13.491,1.257,4.549,3.150948032271117e-05,0.609892725944519
68,sz3-1e-5,2528100,185307,185172,6.098533049225807e-06,2.851724484660197e-06,18.107,5.246,7.817,3.150948032271117e-05,0.609892725944519
68,float16,2528100,1264050,806750,0.0002396106719970703,4.250658878544221e-06,3.558,26.66,4.024,3.150948032271117e-05,0.609892725944519
68,bfloat16,2528100,1264050,593918,0.0019075274467468262,3.3819542258858864e-05,3.789,23.642,3.67,3.150948032271117e-05,0.609892725944519
68,block8,2528100,633377,330027,0.0011941264383494854,0.00014102430419810777,4.369,12.393,2.248,3.150948032271117e-05,0.609892725944519
68,block12,2528100,949391,832898,7.436447776854038e-05,8.636949654696572e-06,5.761,32.03,3.676,3.150948032271117e-05,0.609892725944519
68,block16,2528100,1265402,1175408,4.649162292480469e-06,5.388067940467421e-07,4.28,43.998,2.293,3.150948032271117e-05,0.609892725944519
69,lossless,2528100,2528100,1848337,0.0,0.0,1.56,62.077,0.001,1.7638567442190833e-05,0.4551405906677246
69,zfp-1e-4,2528100,377632,364317,1.1712312698364258e-05,2.264342930052741e-06,12.212,13.306,9.422,1.7638567442190833e-05,0.4551405906677246
69,zfp-1e-5,2528100,597464,592449,1.55717134475708e-06,3.2555195477209795e-07,15.406,20.462,13.512,1.7638567442190833e-05,0.4551405906677246
69,sz3-1e-4,2528100,61898,61898,4.551210440695286e-05,2.153113891701838e-05,13.502,1.45,4.56,1.7638567442190833e-05,0.4551405906677246
69,sz3-1e-5,2528100,197645,197642,4.55114059150219e-06,2.4529822391087447e-06,18.049,5.724,9.031,1.7638567442190833e-05,0.4551405906677246
69,float16,2528100,1264050,803517,0.00012180209159851074,4.0539671114679945e-06,3.454,26.833,3.905,1.7638567442190833e-05,0.4551405906677246
69,bfloat16,2528100,1264050,585185,0.0009751021862030029,3.213209405702292e-05,3.711,23.413,3.501,1.7638567442190833e-05,0.4551405906677246
69,block8,2528100,633377,328881,0.0008897808147594333,0.0001242742897194193,4.391,12.455,2.251,1.7638567442190833e-05,0.4551405906677246
69,block12,2528100,949391,833671,5.5402517318725586e-05,7.65407011273357e-06,5.719,32.049,3.88,1.7638567442190833e-05,0.4551405906677246
69,block16,2528100,1265402,1177233,3.4618424251675606e-06,4.792783590315457e-07,4.44,44.028,2.317,1.7638567442190833e-05,0.4551405906677246
70,lossless,2528100,2528100,1843184,0.0,0.0,1.921,61.589,0.001,1.41313903441187e-05,0.3595925271511078
70,zfp-1e-4,2528100,374256,360623,1.2455973774194717e-05,2.2519207584837737e-06,12.099,13.275,9.433,1.41313903441187e-05,0.3595925271511078
70,zfp-1e-5,2528100,671936,668354,7.778871804475784e-07,1.6363982611339805e-07,16.051,22.703,13.942,1.41313903441187e-05,0.3595925271511078
70,sz3-1e-4,2528100,66689,66689,3.595778252929449e-05,1.7022260394565547e-05,13.694,1.797,4.691,1.41313903441187e-05,0.3595925271511078
70,sz3-1e-5,2528100,213559,213476,3.595778252929449e-06,1.9612940396594302e-06,18.383,6.086,9.241,1.41313903441187e-05,0.3595925271511078
70,float16,2528100,1264050,800754,0.0001220405101776123,3.830476916847258e-06,3.298,27.096,3.72,1.41313903441187e-05,0.3595925271511078
70,bfloat16,2528100,1264050,578206,0.0009757876396179199,3.095464853736945e-05,3.748,23.053,3.526,1.41313903441187e-05,0.3595925271511078
70,block8,2528100,633377,329768,0.0007026903331279755,0.00010774101278970823,4.104,12.416,2.354,1.41313903441187e-05,0.3595925271511078
70,block12,2528100,949391,836939,4.375353455543518e-05,6.777018474084868e-06,5.744,32.098,3.784,1.41313903441187e-05,0.3595925271511078
70,block16,2528100,1265402,1180595,2.7418136596679688e-06,4.216438277294295e-07,4.398,44.025,2.243,1.41313903441187e-05,0.3595925271511078
71,lossless,2528100,2528100,1833947,0.0,0.0,1.608,61.22,0.001,1.5222251022350974e-05,0.32861897349357605
71,zfp-1e-4,2528100,369696,356019,1.1138617992401123e-05,2.234001109521601e-06,11.98,13.102,9.274,1.5222251022350974e-05,0.32861897349357605
71,zfp-1e-5,2528100,665200,661403,7.925555109977722e-07,1.634928581666786e-07,15.971,22.498,14.003,1.5222251022350974e-05,0.32861897349357605
71,sz3-1e-4,2528100,66400,66400,3.286020364612341e-05,1.5646752666838437e-05,14.468,1.816,4.767,1.5222251022350974e-05,0.32861897349357605
71,sz3-1e-5,2528100,214713,214666,3.2859970815479755e-06,1.792812769863616e-06,19.21,6.179,9.705,1.5222251022350974e-05,0.32861897349357605
71,float16,2528100,1264050,798837,0.00012174248695373535,3.7942326536477572e-06,3.462,27.361,3.957,1.5222251022350974e-05,0.32861897349357605
71,bfloat16,2528100,1264050,570795,0.0009734630584716797,3.0055361730368196e-05,3.44,22.814,3.534,1.5222251022350974e-05,0.32861897349357605
71,block8,2528100,633377,328386,0.0006425194442272186,0.00010462297853146475,4.17,12.438,2.137,1.5222251022350974e-05,0.32861897349357605
71,block12,2528100,949391,836988,4.0007755160331726e-05,6.5599096194318715e-06,5.808,32.072,3.744,1.5222251022350974e-05,0.32861897349357605
71,block16,2528100,1265402,1181343,2.50060111284256e-06,4.111617390183781e-07,4.41,44.077,2.32,1.5222251022350974e-05,0.32861897349357605
72,lossless,2528100,2528100,1830460,0.0,0.0,3.904,61.118,0.001,2.023159686359577e-05,0.3403145372867584
72,zfp-1e-4,2528100,366728,352947,1.1329539120197296e-05,2.2204596050847686e-06,11.947,13.077,9.386,2.023159686359577e-05,0.3403145372867584
72,zfp-1e-5,2528100,660832,656966,8.12578946352005e-07,1.6346905941928104e-07,15.894,22.417,13.715,2.023159686359577e-05,0.3403145372867584
72,sz3-1e-4,2528100,64294,64294,3.4028664231300354e-05,1.1796037983489264e-05,13.442,1.429,4.631,2.023159686359577e-05,0.3403145372867584
72,sz3-1e-5,2528100,204460,204430,3.4029362723231316e-06,1.8465094071063415e-06,18.034,5.96,9.249,2.023159686359577e-05,0.3403145372867584
72,float16,2528100,1264050,796460,0.00012105703353881836,3.804841865154254e-06,3.406,27.531,3.737,2.023159686359577e-05,0.3403145372867584
72,bfloat16,2528100,1264050,566236,0.0009699463844299316,3.0039664537841762e-05,3.725,22.673,3.3,2.023159686359577e-05,0.3403145372867584
72,block8,2528100,633377,329509,0.0006668716669082642,0.00010427376248202086,4.372,12.524,2.221,2.023159686359577e-05,0.3403145372867584
72,block12,2528100,949391,839737,4.153726331423968e-05,6.53831112746543e-06,5.894,32.309,3.813,2.023159686359577e-05,0.3403145372867584
72,block16,2528100,1265402,1184018,2.5935296434909105e-06,4.082376726714268e-07,4.536,44.235,2.447,2.023159686359577e-05,0.3403145372867584
73,lossless,2528100,2528100,1824115,0.0,0.0,1.603,61.162,0.001,2.747565486060921e-05,0.40885111689567566
73,zfp-1e-4,2528100,361328,347169,1.1613592505455017e-05,2.195431561395615e-06,11.922,12.958,9.07,2.747565486060921e-05,0.40885111689567566
73,zfp-1e-5,2528100,573952,568136,1.5299301594495773e-06,3.2324928053860424e-07,15.299,19.589,12.907,2.747565486060921e-05,0.40885111689567566
73,sz3-1e-4,2528100,53663,53663,4.088180139660835e-05,1.9222261678452747e-05,13.127,1.225,4.418,2.747565486060921e-05,0.40885111689567566
73,sz3-1e-5,2528100,186035,185901,4.08815685659647e-06,1.926289782085837e-06,17.783,5.37,8.564,2.747565486060921e-05,0.40885111689567566
73,float16,2528100,1264050,794906,0.00012180209159851074,3.818000866310609e-06,3.577,27.512,3.783,2.747565486060921e-05,0.40885111689567566
73,bfloat16,2528100,1264050,560362,0.000967860221862793,3.0395967639501816e-05,3.647,22.422,3.552,2.747565486060921e-05,0.40885111689567566
73,block8,2528100,633377,330733,0.0008011949248611927,9.979469690529741e-05,4.429,12.533,2.333,2.747565486060921e-05,0.40885111689567566
73,block12,2528100,949391,844378,4.989258013665676e-05,6.293557360359326e-06,5.892,32.27,3.825,2.747565486060921e-05,0.40885111689567566
73,block16,2528100,1265402,1188224,3.129243850708008e-06,3.914873398990604e-07,4.385,44.135,2.296,2.747565486060921e-05,0.40885111689567566
74,lossless,2528100,2528100,1819136,0.0,0.0,1.512,60.654,0.001,3.7758825783384964e-05,0.4321841299533844
74,zfp-1e-4,2528100,357640,342988,1.2235715985298157e-05,2.182769842908366e-06,11.81,12.613,9.011,3.7758825783384964e-05,0.4321841299533844
74,zfp-1e-5,2528100,566840,560219,1.5636906027793884e-06,3.228998159388398e-07,15.199,19.499,12.609,3.7758825783384964e-05,0.4321841299533844
74,sz3-1e-4,2528100,51061,51061,4.320964217185974e-05,1.4304015743964538e-05,13.583,1.145,4.212,3.7758825783384964e-05,0.4321841299533844
74,sz3-1e-5,2528100,170605,170595,4.321453161537647e-06,2.2881645140334042e-06,19.979,4.905,8.342,3.7758825783384964e-05,0.4321841299533844
74,float16,2528100,1264050,792476,0.00012198090553283691,3.7726161522467507e-06,3.197,27.5,3.91,3.7758825783384964e-05,0.4321841299533844
74,bfloat16,2528100,1264050,553770,0.0009748637676239014,3.0186872440341635e-05,3.632,22.311,3.597,3.7758825783384964e-05,0.4321841299533844
74,block8,2528100,633377,330677,0.0008470248430967331,9.850315239299823e-05,4.516,12.622,2.297,3.7758825783384964e-05,0.4321841299533844
74,block12,2528100,949391,848362,5.2746268920600414e-05,6.151486495738266e-06,5.738,32.437,3.667,3.7758825783384964e-05,0.4321841299533844
74,block16,2528100,1265402,1191363,3.293156623840332e-06,3.8473437863542096e-07,4.439,44.208,2.357,3.7758825783384964e-05,0.4321841299533844
75,lossless,2528100,2528100,1813014,0.0,0.0,1.757,60.655,0.001,5.510277333087288e-05,0.37926650047302246
75,zfp-1e-4,2528100,357344,343019,1.2078322470188141e-05,2.1819205638058544e-06,11.717,12.543,8.994,5.510277333087288e-05,0.37926650047302246
75,zfp-1e-5,2528100,648752,644588,8.025672286748886e-07,1.633050721315996e-07,15.633,21.923,13.407,5.510277333087288e-05,0.37926650047302246
75,sz3-1e-4,2528100,52614,52614,3.7921126931905746e-05,1.7723419491828938e-05,13.027,1.203,4.231,5.510277333087288e-05,0.37926650047302246
75,sz3-1e-5,2528100,176058,176047,3.7921126931905746e-06,2.0142586917016902e-06,17.837,5.037,7.477,5.510277333087288e-05,0.37926650047302246
75,float16,2528100,1264050,789414,0.00012198090553283691,3.692921135332202e-06,3.278,27.389,3.637,5.510277333087288e-05,0.37926650047302246
75,bfloat16,2528100,1264050,548658,0.0009763836860656738,2.9570076519398222e-05,3.659,22.049,3.337,5.510277333087288e-05,0.37926650047302246
75,block8,2528100,633377,329917,0.0007415777072310448,9.398622705371656e-05,4.282,12.516,2.217,5.510277333087288e-05,0.37926650047302246
75,block12,2528100,949391,848817,4.6166591346263885e-05,5.844867322910966e-06,5.77,32.523,3.695,5.510277333087288e-05,0.37926650047302246
75,block16,2528100,1265402,1192863,2.8908252716064453e-06,3.6535165791108865e-07,4.253,44.482,2.434,5.510277333087288e-05,0.37926650047302246
76,lossless,2528100,2528100,1805489,0.0,0.0,1.535,60.286,0.001,4.953058669343591e-05,0.3251792788505554
76,zfp-1e-4,2528100,350384,335434,1.1867843568325043e-05,2.1342440212646747e-06,11.727,12.461,8.925,4.953058669343591e-05,0.3251792788505554
76,zfp-1e-5,2528100,633080,628280,7.562339305877686e-07,1.6294962107723542e-07,16.04,21.637,14.303,4.953058669343591e-05,0.3251792788505554
76,sz3-1e-4,2528100,54377,54377,3.2512471079826355e-05,1.091238640081651e-05,13.998,1.228,4.07,4.953058669343591e-05,0.3251792788505554
76,sz3-1e-5,2528100,180282,179979,3.2512762118130922e-06,1.7321628050892542e-06,16.767,5.162,8.709,4.953058669343591e-05,0.3251792788505554
76,float16,2528100,1264050,785578,0.00012117624282836914,3.579588078387138e-06,3.478,27.524,3.96,4.953058669343591e-05,0.3251792788505554
76,bfloat16,2528100,1264050,541367,0.000972747802734375,2.888672986540428e-05,3.593,21.802,3.637,4.953058669343591e-05,0.3251792788505554
76,block8,2528100,633377,327404,0.0006356127560138702,9.174364331485716e-05,4.377,12.476,2.209,4.953058669343591e-05,0.3251792788505554
76,block12,2528100,949391,848050,3.957841545343399e-05,5.733690856565918e-06,5.789,32.625,3.74,4.953058669343591e-05,0.3251792788505554
76,block16,2528100,1265402,1193656,2.473592758178711e-06,3.5943984346420334e-07,4.4,44.447,2.47,4.953058669343591e-05,0.3251792788505554
77,lossless,2528100,2528100,1802634,0.0,0.0,1.939,60.121,0.001,4.321613960200921e-05,0.2659820318222046
77,zfp-1e-4,2528100,406744,393985,6.077811121940613e-06,1.1506999326524689e-06,12.764,14.349,10.088,4.321613960200921e-05,0.2659820318222046
77,zfp-1e-5,2528100,628680,623636,7.553026080131531e-07,1.6294189055928786e-07,15.945,21.513,13.784,4.321613960200921e-05,0.2659820318222046
77,sz3-1e-4,2528100,58925,58925,2.6593857910484076e-05,1.2590221285322277e-05,13.463,1.408,4.502,4.321613960200921e-05,0.2659820318222046
77,sz3-1e-5,2528100,192640,192535,2.6593334041535854e-06,1.4279196678004444e-06,18.147,5.458,9.194,4.321613960200921e-05,0.2659820318222046
77,float16,2528100,1264050,782816,0.00011289119720458984,3.671069730087083e-06,3.468,27.51,3.775,4.321613960200921e-05,0.2659820318222046
77,bfloat16,2528100,1264050,537881,0.0008663535118103027,2.9378417875351647e-05,3.811,21.685,3.637,4.321613960200921e-05,0.2659820318222046
77,block8,2528100,633377,325142,0.0005194619297981262,9.61075830188569e-05,4.242,12.435,2.358,4.321613960200921e-05,0.2659820318222046
77,block12,2528100,949391,845845,3.2345764338970184e-05,6.037209802111028e-06,5.722,32.367,3.861,4.321613960200921e-05,0.2659820318222046
77,block16,2528100,1265402,1192851,2.041459083557129e-06,3.7646602665301515e-07,4.464,44.356,2.457,4.321613960200921e-05,0.2659820318222046
78,lossless,2528100,2528100,1801957,0.0,0.0,1.59,60.12,0.001,3.925550845451653e-05,0.2962898313999176
78,zfp-1e-4,2528100,405552,392908,6.0657039284706116e-06,1.145409323835147e-06,12.865,14.295,10.176,3.925550845451653e-05,0.2962898313999176
78,zfp-1e-5,2528100,626400,621437,7.692724466323853e-07,1.62713908859853e-07,15.923,21.414,13.61,3.925550845451653e-05,0.2962898313999176
78,sz3-1e-4,2528100,55329,55329,2.962350845336914e-05,9.953320401292443e-06,13.276,1.253,4.835,3.925550845451653e-05,0.2962898313999176
78,sz3-1e-5,2528100,188482,188238,2.9623042792081833e-06,1.3873280932040125e-06,20.932,5.418,9.483,3.925550845451653e-05,0.2962898313999176
78,float16,2528100,1264050,782587,0.0001220405101776123,3.8391275500521175e-06,3.473,27.797,3.708,3.925550845451653e-05,0.2962898313999176
78,bfloat16,2528100,1264050,537147,0.0009738802909851074,3.058413714544773e-05,3.989,21.723,3.664,3.925550845451653e-05,0.2962898313999176
78,block8,2528100,633377,323313,0.0005794623866677284,0.00010451035133946373,4.482,12.462,2.537,3.925550845451653e-05,0.2962898313999176
78,block12,2528100,949391,841723,3.6077224649488926e-05,6.539835877926512e-06,6.309,32.351,3.893,3.925550845451653e-05,0.2962898313999176
78,block16,2528100,1265402,1190193,2.2547319531440735e-06,4.0695855426426674e-07,4.856,44.254,2.414,3.925550845451653e-05,0.2962898313999176
79,lossless,2528100,2528100,1803938,0.0,0.0,1.738,60.489,0.001,3.805594315053895e-05,0.3151790201663971
79,zfp-1e-4,2528100,348040,333082,1.1857599020004272e-05,2.1073705352032022e-06,11.74,12.424,8.899,3.805594315053895e-05,0.3151790201663971
79,zfp-1e-5,2528100,625064,620291,7.795169949531555e-07,1.6286035147599312e-07,15.945,21.454,13.498,3.805594315053895e-05,0.3151790201663971
79,sz3-1e-4,2528100,53304,53290,3.151409327983856e-05,1.4764995829004015e-05,13.217,1.304,4.457,3.805594315053895e-05,0.3151790201663971
79,sz3-1e-5,2528100,182218,182002,3.1513627618551254e-06,1.456431231565386e-06,18.104,5.268,9.166,3.805594315053895e-05,0.3151790201663971
79,float16,2528100,1264050,782963,0.00011983513832092285,3.9730527112764345e-06,3.601,27.782,4.019,3.805594315053895e-05,0.3151790201663971
79,bfloat16,2528100,1264050,538801,0.0009734034538269043,3.171319426770919e-05,4.044,21.799,3.634,3.805594315053895e-05,0.3151790201663971
79,block8,2528100,633377,320516,0.000616355100646615,0.00010656825271282252,4.28,12.307,2.273,3.805594315053895e-05,0.3151790201663971
79,block12,2528100,949391,839119,3.8386788219213486e-05,6.6086320459532625e-06,5.839,32.305,4.067,3.805594315053895e-05,0.3151790201663971
79,block16,2528100,1265402,1188234,2.3990869522094727e-06,4.142352883343618e-07,4.422,44.056,2.236,3.805594315053895e-05,0.3151790201663971
80,lossless,2528100,2528100,1805259,0.0,0.0,1.805,60.232,0.001,4.162794357398525e-05,0.2825319766998291
80,zfp-1e-4,2528100,421808,410451,6.085261702537537e-06,1.1686692840116474e-06,12.666,14.619,9.719,4.162794357398525e-05,0.2825319766998291
80,zfp-1e-5,2528100,649688,645465,8.243951015174389e-07,1.6312711515196652e-07,15.41,22.087,13.265,4.162794357398525e-05,0.2825319766998291
80,sz3-1e-4,2528100,59792,59750,2.8248876333236694e-05,9.72542670496792e-06,13.776,1.398,4.21,4.162794357398525e-05,0.2825319766998291
80,sz3-1e-5,2528100,208067,207765,2.8248177841305733e-06,1.3474473081543674e-06,17.519,6.101,9.42,4.162794357398525e-05,0.2825319766998291
80,float16,2528100,1264050,782857,0.0001220405101776123,3.961843289122016e-06,3.737,27.626,3.764,4.162794357398525e-05,0.2825319766998291
80,bfloat16,2528100,1264050,539769,0.0009712874889373779,3.171902857707766e-05,3.559,21.825,3.421,4.162794357398525e-05,0.2825319766998291
80,block8,2528100,633377,319759,0.0005522388964891434,9.888842672525556e-05,4.4,12.271,2.235,4.162794357398525e-05,0.2825319766998291
80,block12,2528100,949391,837611,3.436300903558731e-05,6.1321549697254955e-06,6.05,32.12,3.745,4.162794357398525e-05,0.2825319766998291
80,block16,2528100,1265402,1187991,2.1494925022125244e-06,3.8330263437635836e-07,4.463,44.151,2.289,4.162794357398525e-05,0.2825319766998291
81,lossless,2528100,2528100,1804736,0.0,0.0,1.519,60.266,0.001,4.825661380891688e-05,0.2384803593158722
81,zfp-1e-4,2528100,410824,399144,6.230548024177551e-06,1.1405487043641117e-06,12.602,14.442,9.949,4.825661380891688e-05,0.2384803593158722
81,zfp-1e-5,2528100,632968,628358,7.849885150790215e-07,1.6272145126098823e-07,15.539,21.49,13.137,4.825661380891688e-05,0.2384803593158722
81,sz3-1e-4,2528100,131037,131037,2.3843138478696346e-05,1.2154242749056956e-05,13.07,3.732,6.32,4.825661380891688e-05,0.2384803593158722
81,sz3-1e-5,2528100,209928,209612,2.384302206337452e-06,1.132245368733081e-06,19.001,6.115,9.569,4.825661380891688e-05,0.2384803593158722
81,float16,2528100,1264050,782907,6.1005353927612305e-05,3.88870583907263e-06,3.587,27.709,3.965,4.825661380891688e-05,0.2384803593158722
81,bfloat16,2528100,1264050,539489,0.00048814713954925537,3.09655149164274e-05,3.888,21.833,3.647,4.825661380891688e-05,0.2384803593158722
81,block8,2528100,633377,319300,0.00046542752534151077,8.940546243973242e-05,4.439,12.22,2.329,4.825661380891688e-05,0.2384803593158722
81,block12,2528100,949391,839276,2.9003946110606194e-05,5.583030642305462e-06,5.929,32.184,3.933,4.825661380891688e-05,0.2384803593158722
81,block16,2528100,1265402,1188846,1.8142163753509521e-06,3.4921766583853133e-07,4.487,44.128,2.299,4.825661380891688e-05,0.2384803593158722
82,lossless,2528100,2528100,1803093,0.0,0.0,1.696,60.307,0.001,3.897186979884282e-05,0.2525296211242676
82,zfp-1e-4,2528100,404016,391394,6.063841283321381e-06,1.1245390554042021e-06,12.504,14.303,10.008,3.897186979884282e-05,0.2525296211242676
82,zfp-1e-5,2528100,619920,614634,7.997732609510422e-07,1.6222526605585274e-07,15.831,21.088,13.389,3.897186979884282e-05,0.2525296211242676
82,sz3-1e-4,2528100,58932,58918,2.5247223675251007e-05,8.61395068188702e-06,13.688,1.327,4.538,3.897186979884282e-05,0.2525296211242676
82,sz3-1e-5,2528100,195404,195168,2.5248737074434757e-06,1.1766346978412425e-06,18.045,5.5,9.152,3.897186979884282e-05,0.2525296211242676
82,float16,2528100,1264050,782870,8.910894393920898e-05,3.854382013146683e-06,3.41,27.741,3.74,3.897186979884282e-05,0.2525296211242676
82,bfloat16,2528100,1264050,538684,0.0009106993675231934,3.070282506903215e-05,3.607,21.818,3.536,3.897186979884282e-05,0.2525296211242676
82,block8,2528100,633377,319098,0.0004933299496769905,8.582768586623564e-05,4.352,12.211,2.2,3.897186979884282e-05,0.2525296211242676
82,block12,2528100,949391,841192,3.072619438171387e-05,5.333717432882662e-06,5.748,32.197,3.531,3.897186979884282e-05,0.2525296211242676
82,block16,2528100,1265402,1190216,1.9222497940063477e-06,3.331366986686571e-07,4.312,44.296,2.317,3.897186979884282e-05,0.2525296211242676
83,lossless,2528100,2528100,1799745,0.0,0.0,1.57,60.271,0.001,3.2220785215031356e-05,0.23619282245635986
83,zfp-1e-4,2528100,400680,388037,6.198883056640625e-06,1.1171581389316764e-06,12.531,14.242,9.686,3.2220785215031356e-05,0.23619282245635986
83,zfp-1e-5,2528100,613992,608327,7.543712854385376e-07,1.6216914272322038e-07,15.79,20.995,13.483,3.2220785215031356e-05,0.23619282245635986
83,sz3-1e-4,2528100,57948,57926,2.361554652452469e-05,8.098093144407178e-06,13.263,1.29,4.503,3.2220785215031356e-05,0.23619282245635986
83,sz3-1e-5,2528100,196690,195460,2.3616012185811996e-06,1.0950537204488666e-06,22.961,6.262,9.05,3.2220785215031356e-05,0.23619282245635986
83,float16,2528100,1264050,781403,6.102025508880615e-05,3.826204996135997e-06,3.514,27.808,3.694,3.2220785215031356e-05,0.23619282245635986
83,bfloat16,2528100,1264050,535481,0.00048823654651641846,3.065376548938575e-05,3.686,21.693,3.423,3.2220785215031356e-05,0.23619282245635986
83,block8,2528100,633377,319530,0.0004612451884895563,8.316544889852863e-05,4.256,12.239,2.226,3.2220785215031356e-05,0.23619282245635986
83,block12,2528100,949391,844952,2.8722919523715973e-05,5.166049547037502e-06,5.751,32.702,3.854,3.2220785215031356e-05,0.23619282245635986
83,block16,2528100,1265402,1192564,1.8030405044555664e-06,3.2347763391042995e-07,4.652,44.209,2.37,3.2220785215031356e-05,0.23619282245635986
84,lossless,2528100,2528100,1794185,0.0,0.0,1.601,60.152,0.001,2.848110489139799e-05,0.20000562071800232
84,zfp-1e-4,2528100,406528,394271,6.407499313354492e-06,1.1324457895545568e-06,12.535,14.334,10.03,2.848110489139799e-05,0.20000562071800232
84,zfp-1e-5,2528100,625672,620798,7.814960554242134e-07,1.6262763286390305e-07,15.594,21.413,13.264,2.848110489139799e-05,0.20000562071800232
84,sz3-1e-4,2528100,65232,65215,1.9997358322143555e-05,7.060501226113069e-06,13.854,1.444,4.544,2.848110489139799e-05,0.20000562071800232
84,sz3-1e-5,2528100,219852,219571,1.9996659830212593e-06,9.608447910015686e-07,18.505,6.363,9.581,2.848110489139799e-05,0.20000562071800232
84,float16,2528100,1264050,781263,6.097555160522461e-05,3.801724277667516e-06,3.529,27.532,3.741,2.848110489139799e-05,0.20000562071800232
84,bfloat16,2528100,1264050,530835,0.00048823654651641846,3.0333315180455417e-05,3.868,21.597,3.602,2.848110489139799e-05,0.20000562071800232
84,block8,2528100,633377,322586,0.0003905296325683594,7.918015140172083e-05,4.2,12.305,2.324,2.848110489139799e-05,0.20000562071800232
84,block12,2528100,949391,849633,2.431962639093399e-05,4.962682506299822e-06,5.72,32.719,3.809,2.848110489139799e-05,0.20000562071800232
84,block16,2528100,1265402,1196020,1.519918441772461e-06,3.0955998329022733e-07,4.38,44.279,2.223,2.848110489139799e-05,0.20000562071800232
85,lossless,2528100,2528100,1790838,0.0,0.0,1.711,59.636,0.001,2.735698944889009e-05,0.18738655745983124
85,zfp-1e-4,2528100,396488,383644,6.064772605895996e-06,1.1086123717150033e-06,12.379,14.153,9.365,2.735698944889009e-05,0.18738655745983124
85,zfp-1e-5,2528100,687688,683923,3.91155481338501e-07,8.176604915673758e-08,16.219,23.179,14.453,2.735698944889009e-05,0.18738655745983124
85,sz3-1e-4,2528100,60021,59908,1.873588189482689e-05,8.869343991707958e-06,13.902,1.418,4.38,2.735698944889009e-05,0.18738655745983124
85,sz3-1e-5,2528100,202315,202060,1.873588189482689e-06,1.0028846399472336e-06,17.586,5.905,10.285,2.735698944889009e-05,0.18738655745983124
85,float16,2528100,1264050,778664,6.096065044403076e-05,3.689461594073753e-06,3.717,27.875,3.757,2.735698944889009e-05,0.18738655745983124
85,bfloat16,2528100,1264050,525589,0.00048795342445373535,2.9549345548948495e-05,3.819,21.329,3.516,2.735698944889009e-05,0.18738655745983124
85,block8,2528100,633377,322851,0.00036356598138809204,7.539786321925371e-05,4.461,12.363,2.273,2.735698944889009e-05,0.18738655745983124
85,block12,2528100,949391,852876,2.263486385345459e-05,4.703599421977499e-06,5.83,32.808,4.043,2.735698944889009e-05,0.18738655745983124
85,block16,2528100,1265402,1199180,1.4156103134155273e-06,2.9436754146798394e-07,4.401,44.377,2.297,2.735698944889009e-05,0.18738655745983124
86,lossless,2528100,2528100,1783921,0.0,0.0,1.531,59.579,0.001,2.8231277610757388e-05,0.18214353919029236
86,zfp-1e-4,2528100,396440,383541,6.205402314662933e-06,1.1116114053555743e-06,12.369,14.108,9.813,2.8231277610757388e-05,0.18214353919029236
86,zfp-1e-5,2528100,689616,685898,4.002358764410019e-07,8.19474905091024e-08,16.219,23.488,14.267,2.8231277610757388e-05,0.18214353919029236
86,sz3-1e-4,2528100,61791,61791,1.8211198039352894e-05,8.670842064468845e-06,13.591,1.402,4.851,2.8231277610757388e-05,0.18214353919029236
86,sz3-1e-5,2528100,209832,209604,1.8209684640169144e-06,8.642734072546091e-07,18.851,6.131,9.852,2.8231277610757388e-05,0.18214353919029236
86,float16,2528100,1264050,775435,6.1005353927612305e-05,3.589334391718885e-06,3.485,27.873,3.741,2.8231277610757388e-05,0.18214353919029236
86,bfloat16,2528100,1264050,519653,0.0004882514476776123,2.8802252507929e-05,3.979,21.116,3.75,2.8231277610757388e-05,0.18214353919029236
86,block8,2528100,633377,322957,0.00035523250699043274,7.198760900603737e-05,4.497,12.44,2.31,2.8231277610757388e-05,0.18214353919029236
86,block12,2528100,949391,855666,2.2143125534057617e-05,4.505076251118643e-06,5.833,32.95,3.798,2.8231277610757388e-05,0.18214353919029236
86,block16,2528100,1265402,1202452,1.385807991027832e-06,2.812545099100818e-07,4.38,44.604,2.45,2.8231277610757388e-05,0.18214353919029236
87,lossless,2528100,2528100,1776235,0.0,0.0,1.504,59.421,0.001,3.118222230114043e-05,0.1870279759168625
87,zfp-1e-4,2528100,390056,376525,5.757436156272888e-06,1.103093901785671e-06,12.408,13.726,9.689,3.118222230114043e-05,0.1870279759168625
87,zfp-1e-5,2528100,678424,674131,4.628673195838928e-07,8.17609872966718e-08,16.422,23.092,14.137,3.118222230114043e-05,0.1870279759168625
87,sz3-1e-4,2528100,56560,56478,1.8699560314416885e-05,8.87566580401899e-06,15.948,1.337,4.673,3.118222230114043e-05,0.1870279759168625
87,sz3-1e-5,2528100,200910,199612,1.869862899184227e-06,8.78740506558585e-07,18.175,6.467,9.133,3.118222230114043e-05,0.1870279759168625
87,float16,2528100,1264050,772235,6.096065044403076e-05,3.4649585213562808e-06,3.447,27.624,4.027,3.118222230114043e-05,0.1870279759168625
87,bfloat16,2528100,1264050,510423,0.0004865378141403198,2.78242436237277e-05,3.632,20.807,3.468,3.118222230114043e-05,0.1870279759168625
87,block8,2528100,633377,322848,0.0003654032479971647,6.875104656164125e-05,4.421,12.386,2.259,3.118222230114043e-05,0.1870279759168625
87,block12,2528100,949391,858818,2.2752443328499794e-05,4.3058881281966665e-06,5.733,32.98,3.839,3.118222230114043e-05,0.1870279759168625
87,block16,2528100,1265402,1204695,1.4230608940124512e-06,2.687628670789547e-07,4.466,44.602,2.335,3.118222230114043e-05,0.1870279759168625
88,lossless,2528100,2528100,1770733,0.0,0.0,1.92,59.07,0.001,3.6595261917682365e-05,0.18403607606887817
88,zfp-1e-4,2528100,387360,373562,6.126705557107925e-06,1.0968922828179103e-06,12.351,13.626,9.606,3.6595261917682365e-05,0.18403607606887817
88,zfp-1e-5,2528100,675576,671343,3.9604492485523224e-07,8.180192701922853e-08,16.28,22.907,14.404,3.6595261917682365e-05,0.18403607606887817
88,sz3-1e-4,2528100,58090,58090,1.8399208784103394e-05,5.4090270757259795e-06,13.695,1.319,4.509,3.6595261917682365e-05,0.18403607606887817
88,sz3-1e-5,2528100,193837,193663,1.8399441614747047e-06,8.682584297609408e-07,19.355,5.544,8.259,3.6595261917682365e-05,0.18403607606887817
88,float16,2528100,1264050,768974,6.082653999328613e-05,3.3488003975349353e-06,3.559,27.738,3.944,3.6595261917682365e-05,0.18403607606887817
88,bfloat16,2528100,1264050,506743,0.0004881322383880615,2.6824927214069253e-05,3.822,20.517,3.713,3.6595261917682365e-05,0.18403607606887817
88,block8,2528100,633377,321985,0.00035959924571216106,6.54590648366797e-05,4.404,12.343,2.316,3.6595261917682365e-05,0.18403607606887817
88,block12,2528100,949391,859918,2.2396910935640335e-05,4.099730007325777e-06,5.761,33.037,3.705,3.6595261917682365e-05,0.18403607606887817
88,block16,2528100,1265402,1205551,1.3993121683597565e-06,2.562225794454349e-07,4.33,44.655,2.332,3.6595261917682365e-05,0.18403607606887817
89,lossless,2528100,2528100,1762153,0.0,0.0,1.525,59.042,0.001,4.446017192094587e-05,0.17019036412239075
89,zfp-1e-4,2528100,384512,370172,6.118789315223694e-06,1.0961028116587e-06,12.277,13.577,9.377,4.446017192094587e-05,0.17019036412239075
89,zfp-1e-5,2528100,671360,666492,3.8766302168369293e-07,8.17527322048752e-08,16.336,22.843,14.02,4.446017192094587e-05,0.17019036412239075
89,sz3-1e-4,2528100,53823,53771,1.701456494629383e-05,8.03449748791519e-06,13.178,1.31,4.35,4.446017192094587e-05,0.17019036412239075
89,sz3-1e-5,2528100,194954,194782,1.7014099285006523e-06,8.063806311330155e-07,17.756,5.467,9.872,4.446017192094587e-05,0.17019036412239075
89,float16,2528100,1264050,766218,6.082653999328613e-05,3.244617076566766e-06,3.641,27.713,3.955,4.446017192094587e-05,0.17019036412239075
89,bfloat16,2528100,1264050,498509,0.0004864931106567383,2.5966236207052878e-05,3.657,20.363,3.569,4.446017192094587e-05,0.17019036412239075
89,block8,2528100,633377,321317,0.000332660973072052,6.164083611980199e-05,4.347,12.301,2.14,4.446017192094587e-05,0.17019036412239075
89,block12,2528100,949391,861469,2.0712614059448242e-05,3.851538080981734e-06,5.693,33.058,3.652,4.446017192094587e-05,0.17019036412239075
89,block16,2528100,1265402,1206543,1.2945383787155151e-06,2.407650426212684e-07,4.401,44.594,2.292,4.446017192094587e-05,0.17019036412239075
90,lossless,2528100,2528100,1757460,0.0,0.0,1.778,58.555,0.001,5.811238952446729e-05,0.13652701675891876
90,zfp-1e-4,2528100,459376,448116,3.3918768167495728e-06,6.019735977685233e-07,13.386,16.082,10.772,5.811238952446729e-05,0.13652701675891876
90,zfp-1e-5,2528100,692608,688320,3.948807716369629e-07,8.19195193009573e-08,15.851,23.516,13.96,5.811238952446729e-05,0.13652701675891876
90,sz3-1e-4,2528100,63945,63874,1.3646669685840607e-05,4.942004903548355e-06,13.665,1.496,4.496,5.811238952446729e-05,0.13652701675891876
90,sz3-1e-5,2528100,220546,220543,1.3646786101162434e-06,7.4534258884769e-07,18.041,6.304,9.753,5.811238952446729e-05,0.13652701675891876
90,float16,2528100,1264050,764409,6.097555160522461e-05,3.0687574762170747e-06,3.455,27.636,3.78,5.811238952446729e-05,0.13652701675891876
90,bfloat16,2528100,1264050,492637,0.00048585236072540283,2.4432157695894665e-05,3.69,20.01,3.654,5.811238952446729e-05,0.13652701675891876
90,block8,2528100,633377,320723,0.0002663657069206238,5.590995940226437e-05,4.114,12.263,2.273,5.811238952446729e-05,0.13652701675891876
90,block12,2528100,949391,863213,1.658499240875244e-05,3.4927121201096513e-06,5.747,33.126,3.662,5.811238952446729e-05,0.13652701675891876
90,block16,2528100,1265402,1207586,1.037493348121643e-06,2.1807328510130395e-07,4.363,44.732,2.305,5.811238952446729e-05,0.13652701675891876
91,lossless,2528100,2528100,1750077,0.0,0.0,1.591,58.226,0.0,8.047369919950143e-05,0.1188753992319107
91,zfp-1e-4,2528100,445568,433106,3.121793270111084e-06,5.896576509156226e-07,13.308,15.553,10.427,8.047369919950143e-05,0.1188753992319107
91,zfp-1e-5,2528100,673760,668725,4.0978193283081055e-07,8.180345770972912e-08,16.165,22.862,13.837,8.047369919950143e-05,0.1188753992319107
91,sz3-1e-4,2528100,65007,65003,1.1879485100507736e-05,5.743534061501013e-06,13.824,1.491,4.684,8.047369919950143e-05,0.1188753992319107
91,sz3-1e-5,2528100,233863,233709,1.1879019439220428e-06,5.932155483324143e-07,20.33,6.866,10.185,8.047369919950143e-05,0.1188753992319107
91,float16,2528100,1264050,762091,3.0510127544403076e-05,2.9553344788313766e-06,3.532,27.651,3.605,8.047369919950143e-05,0.1188753992319107
91,bfloat16,2528100,1264050,486108,0.00024413317441940308,2.3612519302925545e-05,3.717,19.754,3.526,8.047369919950143e-05,0.1188753992319107
91,block8,2528100,633377,320592,0.00023098888050299138,5.055641837152698e-05,4.185,12.235,2.168,8.047369919950143e-05,0.1188753992319107
91,block12,2528100,949391,865548,1.4393881428986788e-05,3.1523482526377938e-06,5.694,33.231,3.883,8.047369919950143e-05,0.1188753992319107
91,block16,2528100,1265402,1209425,9.015202522277832e-07,1.9701670744871895e-07,4.483,44.787,2.348,8.047369919950143e-05,0.1188753992319107
92,lossless,2528100,2528100,1742452,0.0,0.0,1.553,57.842,0.001,0.00011386333062546328,0.1235089972615242
92,zfp-1e-4,2528100,446072,433144,3.1189993023872375e-06,5.932777627956216e-07,13.296,15.475,11.099,0.00011386333062546328,0.1235089972615242
92,zfp-1e-5,2528100,676392,671327,3.939494490623474e-07,8.185323217922003e-08,16.198,22.835,13.681,0.00011386333062546328,0.1235089972615242
92,sz3-1e-4,2528100,61409,61409,1.2339442037045956e-05,5.945042755704179e-06,13.397,1.365,4.745,0.00011386333062546328,0.1235089972615242
92,sz3-1e-5,2528100,218487,218353,1.2339442037045956e-06,6.739897895817542e-07,23.62,6.276,8.751,0.00011386333062546328,0.1235089972615242
92,float16,2528100,1264050,758891,3.0502676963806152e-05,2.8723833032197177e-06,3.51,27.689,3.981,0.00011386333062546328,0.1235089972615242
92,bfloat16,2528100,1264050,476936,0.00024402886629104614,2.3149567077403906e-05,3.531,19.516,3.361,0.00011386333062546328,0.1235089972615242
92,block8,2528100,633377,320262,0.00024114176630973816,4.7704589116909866e-05,4.259,12.213,2.27,0.00011386333062546328,0.1235089972615242
92,block12,2528100,949391,867840,1.5011755749583244e-05,2.9625624433407644e-06,5.965,33.193,3.888,0.00011386333062546328,0.1235089972615242
92,block16,2528100,1265402,1211014,9.387731552124023e-07,1.852227756349734e-07,4.386,44.764,2.303,0.00011386333062546328,0.1235089972615242
93,lossless,2528100,2528100,1734697,0.0,0.0,1.569,57.468,0.001,0.00012247363338246942,0.11937291920185089
93,zfp-1e-4,2528100,439216,425939,2.991408109664917e-06,5.907873823757365e-07,13.193,15.359,10.454,0.00012247363338246942,0.11937291920185089
93,zfp-1e-5,2528100,669080,663580,3.8743019104003906e-07,8.186259652833447e-08,16.076,22.743,13.849,0.00012247363338246942,0.11937291920185089
93,sz3-1e-4,2528100,57452,57452,1.1925003491342068e-05,5.720188268238783e-06,13.35,1.318,4.487,0.00012247363338246942,0.11937291920185089
93,sz3-1e-5,2528100,215499,215397,1.1925003491342068e-06,5.886704711344628e-07,17.806,6.237,11.021,0.00012247363338246942,0.11937291920185089
93,float16,2528100,1264050,754220,3.0517578125e-05,2.8256415248582633e-06,3.482,27.816,3.704,0.00012247363338246942,0.11937291920185089
93,bfloat16,2528100,1264050,470264,0.0002441108226776123,2.2595105153196835e-05,3.801,19.077,3.587,0.00012247363338246942,0.11937291920185089
93,block8,2528100,633377,319728,0.00023358315229415894,4.622754258711514e-05,4.4,12.194,2.282,0.00012247363338246942,0.11937291920185089
93,block12,2528100,949391,869732,1.4543067663908005e-05,2.8674379833637817e-06,5.784,33.225,3.691,0.00012247363338246942,0.11937291920185089
93,block16,2528100,1265402,1212480,9.08970832824707e-07,1.7925125178339703e-07,4.366,44.798,2.323,0.00012247363338246942,0.11937291920185089
94,lossless,2528100,2528100,1722952,0.0,0.0,1.733,57.231,0.001,0.00012671529839280993,0.11582021415233612
94,zfp-1e-4,2528100,444128,430419,3.166496753692627e-06,5.984943987675124e-07,13.256,15.521,10.452,0.00012671529839280993,0.11582021415233612
94,zfp-1e-5,2528100,676928,671243,3.762543201446533e-07,8.190076082229441e-08,16.032,22.962,13.844,0.00012671529839280993,0.11582021415233612
94,sz3-1e-4,2528100,57984,57983,1.1569121852517128e-05,5.577222366689078e-06,13.485,1.314,4.735,0.00012671529839280993,0.11582021415233612
94,sz3-1e-5,2528100,222658,222588,1.1568772606551647e-06,5.8323823018518e-07,18.186,6.387,8.792,0.00012671529839280993,0.11582021415233612
94,float16,2528100,1264050,748660,3.0510127544403076e-05,2.7502341722401324e-06,3.266,27.673,3.866,0.00012671529839280993,0.11582021415233612
94,bfloat16,2528100,1264050,459520,0.0002441108226776123,2.196402085242418e-05,3.765,18.632,3.387,0.00012671529839280993,0.11582021415233612
94,block8,2528100,633377,319876,0.0002259640023112297,4.389820323150892e-05,4.318,12.173,2.222,0.00012671529839280993,0.11582021415233612
94,block12,2528100,949391,871553,1.4081597328186035e-05,2.7361993127302036e-06,5.708,33.25,3.574,0.00012671529839280993,0.11582021415233612
94,block16,2528100,1265402,1214181,8.791685104370117e-07,1.7116114432750203e-07,4.219,44.679,2.311,0.00012671529839280993,0.11582021415233612
95,lossless,2528100,2528100,1716212,0.0,0.0,1.527,56.849,0.001,0.00013200627290643752,0.13926804065704346
95,zfp-1e-4,2528100,430416,416086,3.2670795917510986e-06,5.863185577858553e-07,14.269,15.16,10.251,0.00013200627290643752,0.13926804065704346
95,zfp-1e-5,2528100,661040,654973,3.7997961044311523e-07,8.208387783970921e-08,15.949,22.698,13.58,0.00013200627290643752,0.13926804065704346
95,sz3-1e-4,2528100,46626,46562,1.3913493603467941e-05,6.547830841086127e-06,13.149,1.031,4.347,0.00013200627290643752,0.13926804065704346
95,sz3-1e-5,2528100,182105,181891,1.3913377188146114e-06,7.520284431845837e-07,17.461,5.267,8.715,0.00013200627290643752,0.13926804065704346
95,float16,2528100,1264050,742817,6.0364603996276855e-05,2.665062303603129e-06,3.397,27.681,4.003,0.00013200627290643752,0.13926804065704346
95,bfloat16,2528100,1264050,451228,0.0004876554012298584,2.138813644694784e-05,3.638,18.263,3.626,0.00013200627290643752,0.13926804065704346
95,block8,2528100,633377,320444,0.00027189217507839203,4.1226755657296e-05,4.418,12.252,2.287,0.00013200627290643752,0.13926804065704346
95,block12,2528100,949391,873781,1.6927719116210938e-05,2.569341231160684e-06,5.773,33.452,3.995,0.00013200627290643752,0.13926804065704346
95,block16,2528100,1265402,1215936,1.0617077350616455e-06,1.605909781075043e-07,4.676,44.91,2.45,0.00013200627290643752,0.13926804065704346
96,lossless,2528100,2528100,1707141,0.0,0.0,1.978,56.606,0.001,0.00013825693167746067,0.1527239829301834
96,zfp-1e-4,2528100,431192,416083,3.375113010406494e-06,5.894721161080573e-07,13.221,15.232,10.27,0.00013825693167746067,0.1527239829301834
96,zfp-1e-5,2528100,663752,657037,4.0652230381965637e-07,8.175346119963457e-08,15.713,22.718,13.65,0.00013825693167746067,0.1527239829301834
96,sz3-1e-4,2528100,43534,43534,1.5256926417350769e-05,5.145214127482031e-06,12.961,0.925,4.286,0.00013825693167746067,0.1527239829301834
96,sz3-1e-5,2528100,185328,185310,1.5258556231856346e-06,7.462463124592144e-07,17.843,5.353,7.931,0.00013825693167746067,0.1527239829301834
96,float16,2528100,1264050,735634,6.020069122314453e-05,2.5531578348163827e-06,3.363,27.407,3.891,0.00013825693167746067,0.1527239829301834
96,bfloat16,2528100,1264050,442972,0.00048114359378814697,2.055113919435868e-05,3.793,17.968,3.474,0.00013825693167746067,0.1527239829301834
96,block8,2528100,633377,321033,0.0002980213612318039,3.852612703651463e-05,4.317,12.261,2.357,0.00013825693167746067,0.1527239829301834
96,block12,2528100,949391,878514,1.8563121557235718e-05,2.4005112353456232e-06,5.854,33.609,3.667,0.00013825693167746067,0.1527239829301834
96,block16,2528100,1265402,1219147,1.1622905731201172e-06,1.4967982514053198e-07,4.265,45.092,2.322,0.00013825693167746067,0.1527239829301834
97,lossless,2528100,2528100,1696558,0.0,0.0,1.536,56.135,0.001,0.00015162125055212528,0.15367715060710907
97,zfp-1e-4,2528100,361360,342638,6.303191184997559e-06,1.0860618348097268e-06,12.062,12.93,8.958,0.00015162125055212528,0.15367715060710907
97,zfp-1e-5,2528100,657640,650572,4.1513703763484955e-07,8.187444179274962e-08,15.962,22.676,13.824,0.00015162125055212528,0.15367715060710907
97,sz3-1e-4,2528100,41267,41267,1.5351921319961548e-05,5.207166717364606e-06,12.912,0.915,4.201,0.00015162125055212528,0.15367715060710907
97,sz3-1e-5,2528100,179870,179870,1.5352270565927029e-06,8.404647169978701e-07,17.06,5.069,9.797,0.00015162125055212528,0.15367715060710907
97,float16,2528100,1264050,729327,6.0945749282836914e-05,2.4593024226911907e-06,3.407,27.285,3.839,0.00015162125055212528,0.15367715060710907
97,bfloat16,2528100,1264050,430698,0.00048650801181793213,1.9541609677333922e-05,3.695,17.509,3.509,0.00015162125055212528,0.15367715060710907
97,block8,2528100,633377,323784,0.00029967213049530983,3.6145126007231715e-05,4.43,12.321,2.282,0.00015162125055212528,0.15367715060710907
97,block12,2528100,949391,885332,1.8656253814697266e-05,2.252109251304741e-06,6.095,33.893,4.104,0.00015162125055212528,0.15367715060710907
97,block16,2528100,1265402,1222787,1.169741153717041e-06,1.408186122422341e-07,4.566,44.919,2.442,0.00015162125055212528,0.15367715060710907
98,lossless,2528100,2528100,1688180,0.0,0.0,1.906,55.512,0.001,0.00017244582704734057,0.14180567860603333
98,zfp-1e-4,2528100,424872,408081,3.029126673936844e-06,5.895507217614199e-07,13.19,14.82,10.491,0.00017244582704734057,0.14180567860603333
98,zfp-1e-5,2528100,657112,649126,3.976747393608093e-07,8.191710840473575e-08,15.873,22.601,13.654,0.00017244582704734057,0.14180567860603333
98,sz3-1e-4,2528100,44979,44979,1.416308805346489e-05,4.956863789566507e-06,13.312,0.964,4.663,0.00017244582704734057,0.14180567860603333
98,sz3-1e-5,2528100,196924,196728,1.416308805346489e-06,7.852407392107801e-07,20.584,5.928,10.114,0.00017244582704734057,0.14180567860603333
98,float16,2528100,1264050,722020,6.099045276641846e-05,2.2843308944148292e-06,3.455,27.15,3.815,0.00017244582704734057,0.14180567860603333
98,bfloat16,2528100,1264050,423766,0.0004827529191970825,1.8307787505084827e-05,3.859,17.14,3.898,0.00017244582704734057,0.14180567860603333
98,block8,2528100,633377,327371,0.0002758511109277606,3.3414984147928443e-05,4.49,12.562,2.55,0.00017244582704734057,0.14180567860603333
98,block12,2528100,949391,891225,1.718476414680481e-05,2.0728283054858415e-06,6.272,34.1,3.901,0.00017244582704734057,0.14180567860603333
98,block16,2528100,1265402,1226014,1.080334186553955e-06,1.2975482503076039e-07,4.466,45.097,2.446,0.00017244582704734057,0.14180567860603333
99,lossless,2528100,2528100,1682074,0.0,0.0,1.565,55.377,0.001,0.00019226587028242648,0.12306803464889526
99,zfp-1e-4,2528100,438840,421494,3.2400712370872498e-06,6.069436805020639e-07,13.253,15.381,10.729,0.00019226587028242648,0.12306803464889526
99,zfp-1e-5,2528100,674984,666837,3.7904828786849976e-07,8.197071142114208e-08,15.732,23.002,13.462,0.00019226587028242648,0.12306803464889526
99,sz3-1e-4,2528100,57503,57503,1.2287404388189316e-05,4.689231176850711e-06,13.279,1.292,4.613,0.00019226587028242648,0.12306803464889526
99,sz3-1e-5,2528100,244318,244205,1.2287346180528402e-06,6.983855503062399e-07,19.903,7.082,10.884,0.00019226587028242648,0.12306803464889526
99,float16,2528100,1264050,717391,3.0517578125e-05,2.0836463980500234e-06,3.485,26.963,3.628,0.00019226587028242648,0.12306803464889526
99,bfloat16,2528100,1264050,418292,0.00024412572383880615,1.6658750762397416e-05,3.955,16.897,3.346,0.00019226587028242648,0.12306803464889526
99,block8,2528100,633377,334587,0.00023856759071350098,2.9620004199243574e-05,4.278,12.779,2.244,0.00019226587028242648,0.12306803464889526
99,block12,2528100,949391,900218,1.4863908290863037e-05,1.8460605737180997e-06,5.741,34.23,3.677,0.00019226587028242648,0.12306803464889526
99,block16,2528100,1265402,1231249,9.275972843170166e-07,1.1491984799429784e-07,4.343,45.141,2.338,0.00019226587028242648,0.12306803464889526
100,lossless,2528100,2528100,1680756,0.0,0.0,1.551,55.186,0.001,0.0002095442614518106,0.10246056318283081
100,zfp-1e-4,2528100,435424,416662,2.9811635613441467e-06,5.989940064131801e-07,13.159,15.392,10.153,0.0002095442614518106,0.10246056318283081
100,zfp-1e-5,2528100,668504,659511,3.968598321080208e-07,8.197487715078774e-08,15.784,22.852,13.806,0.0002095442614518106,0.10246056318283081
100,sz3-1e-4,2528100,76312,76228,1.0224990546703339e-05,4.257220957205329e-06,13.997,2.019,5.208,0.0002095442614518106,0.10246056318283081
100,sz3-1e-5,2528100,284612,281843,1.0224757716059685e-06,5.841585334600801e-07,20.037,9.194,10.991,0.0002095442614518106,0.10246056318283081
100,float16,2528100,1264050,713043,3.0517578125e-05,1.8778911341240618e-06,3.605,26.827,3.791,0.0002095442614518106,0.10246056318283081
100,bfloat16,2528100,1264050,416082,0.0002437308430671692,1.5084301470840142e-05,3.36,16.76,3.217,0.0002095442614518106,0.10246056318283081
100,block8,2528100,633377,344267,0.00019744783639907837,2.533450648074254e-05,4.097,13.145,2.154,0.0002095442614518106,0.10246056318283081
100,block12,2528100,949391,907709,1.2289732694625854e-05,1.5734407679826838e-06,5.841,34.608,3.747,0.0002095442614518106,0.10246056318283081
100,block16,2528100,1265402,1235139,7.692724466323853e-07,9.81102359215246e-08,4.289,45.424,2.179,0.0002095442614518106,0.10246056318283081
101,lossless,2528100,2528100,1680782,0.0,0.0,1.515,55.359,0.001,0.0002355245960643515,0.0825149193406105
101,zfp-1e-4,2528100,432856,412136,3.2726675271987915e-06,5.869843041575974e-07,12.868,15.472,10.05,0.0002355245960643515,0.0825149193406105
101,zfp-1e-5,2528100,742080,733733,1.8998980522155762e-07,4.102352149334624e-08,16.444,25.354,14.656,0.0002355245960643515,0.0825149193406105
101,sz3-1e-4,2528100,124496,124496,8.227885700762272e-06,4.3007531363183055e-06,13.679,3.321,6.428,0.0002355245960643515,0.0825149193406105
101,sz3-1e-5,2528100,323554,317478,8.227652870118618e-07,4.71465728945922e-07,17.116,10.769,14.02,0.0002355245960643515,0.0825149193406105
101,float16,2528100,1264050,707816,3.0256807804107666e-05,1.6386543267535713e-06,3.598,26.51,3.937,0.0002355245960643515,0.0825149193406105
101,bfloat16,2528100,1264050,416422,0.00024318695068359375,1.31614374531867e-05,3.657,16.752,3.341,0.0002355245960643515,0.0825149193406105
101,block8,2528100,633377,354900,0.0001574382185935974,2.08159692367242e-05,4.496,13.652,2.325,0.0002355245960643515,0.0825149193406105
101,block12,2528100,949391,914788,9.79844480752945e-06,1.2958035295356538e-06,5.877,34.72,3.77,0.0002355245960643515,0.0825149193406105
101,block16,2528100,1265402,1239700,6.146728992462158e-07,8.094495945290333e-08,4.394,45.402,2.353,0.0002355245960643515,0.0825149193406105
